"clase_ubicacion","descripcion_ubicacion","id_ubicacion"
"Distrito","Provincia del Neuquén","NE"
"Departamento","Confluencia","NE.1"
"Localidad","Cutral Co","NE.1.10"
"Establecimiento","ESCUELA 102","NE.1.10.1"
"Mesa","681","NE.1.10.1.681"
"Mesa","682","NE.1.10.1.682"
"Mesa","683","NE.1.10.1.683"
"Mesa","684","NE.1.10.1.684"
"Mesa","685","NE.1.10.1.685"
"Mesa","686","NE.1.10.1.686"
"Establecimiento","ESCUELA 269","NE.1.10.10"
"Mesa","714","NE.1.10.10.714"
"Establecimiento","GIMNASIO MUNICIPAL MOSCONI","NE.1.10.11"
"Mesa","666","NE.1.10.11.666"
"Mesa","667","NE.1.10.11.667"
"Mesa","668","NE.1.10.11.668"
"Mesa","669","NE.1.10.11.669"
"Mesa","670","NE.1.10.11.670"
"Mesa","671","NE.1.10.11.671"
"Mesa","672","NE.1.10.11.672"
"Mesa","673","NE.1.10.11.673"
"Mesa","674","NE.1.10.11.674"
"Establecimiento","ESCUELA 172","NE.1.10.12"
"Mesa","709","NE.1.10.12.709"
"Mesa","710","NE.1.10.12.710"
"Mesa","711","NE.1.10.12.711"
"Mesa","712","NE.1.10.12.712"
"Mesa","713","NE.1.10.12.713"
"Establecimiento","ESCUELA 255","NE.1.10.13"
"Mesa","715","NE.1.10.13.715"
"Mesa","716","NE.1.10.13.716"
"Mesa","717","NE.1.10.13.717"
"Mesa","718","NE.1.10.13.718"
"Mesa","719","NE.1.10.13.719"
"Mesa","720","NE.1.10.13.720"
"Mesa","721","NE.1.10.13.721"
"Establecimiento","C.P.E.M 51","NE.1.10.14"
"Mesa","722","NE.1.10.14.722"
"Mesa","723","NE.1.10.14.723"
"Mesa","724","NE.1.10.14.724"
"Mesa","725","NE.1.10.14.725"
"Mesa","726","NE.1.10.14.726"
"Mesa","727","NE.1.10.14.727"
"Establecimiento","I.F.D. 1","NE.1.10.15"
"Mesa","728","NE.1.10.15.728"
"Mesa","729","NE.1.10.15.729"
"Mesa","730","NE.1.10.15.730"
"Mesa","731","NE.1.10.15.731"
"Mesa","732","NE.1.10.15.732"
"Mesa","733","NE.1.10.15.733"
"Establecimiento","ESCUELA 281","NE.1.10.16"
"Mesa","734","NE.1.10.16.734"
"Mesa","735","NE.1.10.16.735"
"Mesa","736","NE.1.10.16.736"
"Mesa","737","NE.1.10.16.737"
"Mesa","738","NE.1.10.16.738"
"Mesa","739","NE.1.10.16.739"
"Establecimiento","ESCUELA 292","NE.1.10.2"
"Mesa","675","NE.1.10.2.675"
"Mesa","676","NE.1.10.2.676"
"Mesa","677","NE.1.10.2.677"
"Mesa","678","NE.1.10.2.678"
"Mesa","679","NE.1.10.2.679"
"Mesa","680","NE.1.10.2.680"
"Establecimiento","C.P.E.M. 20","NE.1.10.3"
"Mesa","687","NE.1.10.3.687"
"Mesa","688","NE.1.10.3.688"
"Mesa","689","NE.1.10.3.689"
"Mesa","690","NE.1.10.3.690"
"Mesa","691","NE.1.10.3.691"
"Establecimiento","ESCUELA 119","NE.1.10.4"
"Mesa","652","NE.1.10.4.652"
"Mesa","653","NE.1.10.4.653"
"Mesa","654","NE.1.10.4.654"
"Mesa","655","NE.1.10.4.655"
"Mesa","656","NE.1.10.4.656"
"Establecimiento","ESCUELA 137","NE.1.10.5"
"Mesa","692","NE.1.10.5.692"
"Mesa","693","NE.1.10.5.693"
"Mesa","694","NE.1.10.5.694"
"Mesa","695","NE.1.10.5.695"
"Mesa","696","NE.1.10.5.696"
"Mesa","697","NE.1.10.5.697"
"Establecimiento","ESCUELA 138","NE.1.10.6"
"Mesa","698","NE.1.10.6.698"
"Mesa","699","NE.1.10.6.699"
"Mesa","700","NE.1.10.6.700"
"Mesa","701","NE.1.10.6.701"
"Mesa","702","NE.1.10.6.702"
"Mesa","703","NE.1.10.6.703"
"Establecimiento","ESCUELA 45","NE.1.10.7"
"Mesa","704","NE.1.10.7.704"
"Mesa","705","NE.1.10.7.705"
"Mesa","706","NE.1.10.7.706"
"Mesa","707","NE.1.10.7.707"
"Mesa","708","NE.1.10.7.708"
"Establecimiento","C.P.E.M. 6","NE.1.10.8"
"Mesa","657","NE.1.10.8.657"
"Mesa","658","NE.1.10.8.658"
"Mesa","659","NE.1.10.8.659"
"Mesa","660","NE.1.10.8.660"
"Mesa","661","NE.1.10.8.661"
"Establecimiento","ESCUELA 272","NE.1.10.9"
"Mesa","662","NE.1.10.9.662"
"Mesa","663","NE.1.10.9.663"
"Mesa","664","NE.1.10.9.664"
"Mesa","665","NE.1.10.9.665"
"Localidad","Villa El Chocon","NE.1.11"
"Establecimiento","ESCUELA 26","NE.1.11.1"
"Mesa","7011","NE.1.11.1.7011"
"Mesa","787","NE.1.11.1.787"
"Mesa","788","NE.1.11.1.788"
"Mesa","789","NE.1.11.1.789"
"Mesa","790","NE.1.11.1.790"
"Mesa","791","NE.1.11.1.791"
"Mesa","792","NE.1.11.1.792"
"Localidad","Challaco","NE.1.120C"
"Establecimiento","ESCUELA 176","NE.1.120C.1"
"Mesa","785","NE.1.120C.1.785"
"Localidad","Planicie Banderita","NE.1.170C"
"Establecimiento","CENTRAL PLANICIE BANDERITA","NE.1.170C.1"
"Mesa","930","NE.1.170C.1.930"
"Localidad","Neuquen","NE.1.22"
"Establecimiento","ESC GRAL SAN MARTIN","NE.1.22.1"
"Mesa","140","NE.1.22.1.140"
"Mesa","141","NE.1.22.1.141"
"Mesa","142","NE.1.22.1.142"
"Mesa","143","NE.1.22.1.143"
"Mesa","144","NE.1.22.1.144"
"Mesa","145","NE.1.22.1.145"
"Mesa","146","NE.1.22.1.146"
"Mesa","147","NE.1.22.1.147"
"Mesa","148","NE.1.22.1.148"
"Mesa","149","NE.1.22.1.149"
"Establecimiento","ESCUELA 232","NE.1.22.10"
"Mesa","253","NE.1.22.10.253"
"Mesa","254","NE.1.22.10.254"
"Mesa","255","NE.1.22.10.255"
"Mesa","256","NE.1.22.10.256"
"Mesa","257","NE.1.22.10.257"
"Establecimiento","C.P.E.M 41","NE.1.22.100"
"Mesa","35","NE.1.22.100.35"
"Mesa","36","NE.1.22.100.36"
"Mesa","37","NE.1.22.100.37"
"Mesa","38","NE.1.22.100.38"
"Mesa","39","NE.1.22.100.39"
"Mesa","40","NE.1.22.100.40"
"Mesa","41","NE.1.22.100.41"
"Mesa","42","NE.1.22.100.42"
"Establecimiento","GIMNASIO - E.P.E.T. 20","NE.1.22.101"
"Mesa","302","NE.1.22.101.302"
"Mesa","303","NE.1.22.101.303"
"Mesa","304","NE.1.22.101.304"
"Mesa","305","NE.1.22.101.305"
"Mesa","306","NE.1.22.101.306"
"Mesa","307","NE.1.22.101.307"
"Mesa","308","NE.1.22.101.308"
"Establecimiento","GIMNASIO - C.P.E.M 26","NE.1.22.102"
"Mesa","416","NE.1.22.102.416"
"Mesa","417","NE.1.22.102.417"
"Mesa","418","NE.1.22.102.418"
"Mesa","419","NE.1.22.102.419"
"Mesa","420","NE.1.22.102.420"
"Mesa","421","NE.1.22.102.421"
"Mesa","422","NE.1.22.102.422"
"Mesa","423","NE.1.22.102.423"
"Establecimiento","COLEGIO A.M.E.N","NE.1.22.103"
"Mesa","133","NE.1.22.103.133"
"Mesa","134","NE.1.22.103.134"
"Mesa","135","NE.1.22.103.135"
"Mesa","136","NE.1.22.103.136"
"Mesa","137","NE.1.22.103.137"
"Mesa","138","NE.1.22.103.138"
"Mesa","139","NE.1.22.103.139"
"Establecimiento","COLEGIO ADVENTISTA NEUQUEN","NE.1.22.104"
"Mesa","157","NE.1.22.104.157"
"Mesa","158","NE.1.22.104.158"
"Mesa","159","NE.1.22.104.159"
"Mesa","160","NE.1.22.104.160"
"Mesa","161","NE.1.22.104.161"
"Mesa","162","NE.1.22.104.162"
"Mesa","163","NE.1.22.104.163"
"Establecimiento","C.P.E.M N° 69","NE.1.22.105"
"Mesa","478","NE.1.22.105.478"
"Mesa","479","NE.1.22.105.479"
"Mesa","480","NE.1.22.105.480"
"Mesa","481","NE.1.22.105.481"
"Mesa","482","NE.1.22.105.482"
"Mesa","483","NE.1.22.105.483"
"Mesa","484","NE.1.22.105.484"
"Establecimiento","ESCUELA 356","NE.1.22.106"
"Mesa","604","NE.1.22.106.604"
"Mesa","605","NE.1.22.106.605"
"Mesa","606","NE.1.22.106.606"
"Mesa","607","NE.1.22.106.607"
"Mesa","608","NE.1.22.106.608"
"Mesa","609","NE.1.22.106.609"
"Establecimiento","SAF B. SAN LORENZO","NE.1.22.107"
"Mesa","584","NE.1.22.107.584"
"Mesa","585","NE.1.22.107.585"
"Mesa","586","NE.1.22.107.586"
"Mesa","587","NE.1.22.107.587"
"Mesa","588","NE.1.22.107.588"
"Mesa","589","NE.1.22.107.589"
"Establecimiento","COL. MARIA AUXILIADORA","NE.1.22.11"
"Mesa","226","NE.1.22.11.226"
"Mesa","227","NE.1.22.11.227"
"Mesa","228","NE.1.22.11.228"
"Mesa","229","NE.1.22.11.229"
"Mesa","230","NE.1.22.11.230"
"Mesa","231","NE.1.22.11.231"
"Mesa","232","NE.1.22.11.232"
"Mesa","233","NE.1.22.11.233"
"Establecimiento","C.P.E.M. 53","NE.1.22.12"
"Mesa","234","NE.1.22.12.234"
"Mesa","235","NE.1.22.12.235"
"Mesa","236","NE.1.22.12.236"
"Mesa","237","NE.1.22.12.237"
"Mesa","238","NE.1.22.12.238"
"Mesa","239","NE.1.22.12.239"
"Mesa","240","NE.1.22.12.240"
"Establecimiento","ESCUELA 4","NE.1.22.13"
"Mesa","181","NE.1.22.13.181"
"Mesa","182","NE.1.22.13.182"
"Mesa","183","NE.1.22.13.183"
"Mesa","184","NE.1.22.13.184"
"Mesa","185","NE.1.22.13.185"
"Establecimiento","ESCUELA 205","NE.1.22.14"
"Mesa","186","NE.1.22.14.186"
"Mesa","187","NE.1.22.14.187"
"Mesa","188","NE.1.22.14.188"
"Mesa","189","NE.1.22.14.189"
"Mesa","190","NE.1.22.14.190"
"Mesa","191","NE.1.22.14.191"
"Establecimiento","ESCUELA 154","NE.1.22.15"
"Mesa","452","NE.1.22.15.452"
"Mesa","453","NE.1.22.15.453"
"Mesa","454","NE.1.22.15.454"
"Mesa","455","NE.1.22.15.455"
"Establecimiento","ESCUELA 178","NE.1.22.16"
"Mesa","432","NE.1.22.16.432"
"Mesa","433","NE.1.22.16.433"
"Mesa","434","NE.1.22.16.434"
"Mesa","435","NE.1.22.16.435"
"Mesa","436","NE.1.22.16.436"
"Establecimiento","ESCUELA 197","NE.1.22.17"
"Mesa","442","NE.1.22.17.442"
"Mesa","443","NE.1.22.17.443"
"Mesa","444","NE.1.22.17.444"
"Mesa","445","NE.1.22.17.445"
"Mesa","446","NE.1.22.17.446"
"Establecimiento","ESCUELA 1","NE.1.22.18"
"Mesa","336","NE.1.22.18.336"
"Mesa","337","NE.1.22.18.337"
"Mesa","338","NE.1.22.18.338"
"Mesa","339","NE.1.22.18.339"
"Mesa","340","NE.1.22.18.340"
"Mesa","341","NE.1.22.18.341"
"Mesa","342","NE.1.22.18.342"
"Mesa","343","NE.1.22.18.343"
"Establecimiento","ESCUELA 256","NE.1.22.19"
"Mesa","370","NE.1.22.19.370"
"Mesa","371","NE.1.22.19.371"
"Mesa","372","NE.1.22.19.372"
"Mesa","373","NE.1.22.19.373"
"Mesa","374","NE.1.22.19.374"
"Establecimiento","ESCUELA 2","NE.1.22.2"
"Mesa","150","NE.1.22.2.150"
"Mesa","151","NE.1.22.2.151"
"Mesa","152","NE.1.22.2.152"
"Mesa","153","NE.1.22.2.153"
"Mesa","154","NE.1.22.2.154"
"Mesa","155","NE.1.22.2.155"
"Mesa","156","NE.1.22.2.156"
"Establecimiento","ESCUELA 150","NE.1.22.20"
"Mesa","363","NE.1.22.20.363"
"Mesa","364","NE.1.22.20.364"
"Mesa","365","NE.1.22.20.365"
"Mesa","366","NE.1.22.20.366"
"Mesa","367","NE.1.22.20.367"
"Mesa","368","NE.1.22.20.368"
"Mesa","369","NE.1.22.20.369"
"Establecimiento","ESCUELA 181","NE.1.22.21"
"Mesa","375","NE.1.22.21.375"
"Mesa","376","NE.1.22.21.376"
"Mesa","377","NE.1.22.21.377"
"Mesa","378","NE.1.22.21.378"
"Mesa","379","NE.1.22.21.379"
"Establecimiento","C.P.E.M 26","NE.1.22.22"
"Mesa","411","NE.1.22.22.411"
"Mesa","412","NE.1.22.22.412"
"Mesa","413","NE.1.22.22.413"
"Mesa","414","NE.1.22.22.414"
"Mesa","415","NE.1.22.22.415"
"Establecimiento","ESCUELA 147","NE.1.22.23"
"Mesa","380","NE.1.22.23.380"
"Mesa","381","NE.1.22.23.381"
"Mesa","382","NE.1.22.23.382"
"Mesa","383","NE.1.22.23.383"
"Mesa","384","NE.1.22.23.384"
"Establecimiento","ESCUELA 202","NE.1.22.24"
"Mesa","531","NE.1.22.24.531"
"Mesa","532","NE.1.22.24.532"
"Mesa","533","NE.1.22.24.533"
"Mesa","534","NE.1.22.24.534"
"Mesa","535","NE.1.22.24.535"
"Mesa","536","NE.1.22.24.536"
"Establecimiento","E.P.E.T 7","NE.1.22.25"
"Mesa","385","NE.1.22.25.385"
"Mesa","386","NE.1.22.25.386"
"Mesa","387","NE.1.22.25.387"
"Mesa","388","NE.1.22.25.388"
"Mesa","389","NE.1.22.25.389"
"Establecimiento","ESCUELA 195","NE.1.22.26"
"Mesa","344","NE.1.22.26.344"
"Mesa","345","NE.1.22.26.345"
"Mesa","346","NE.1.22.26.346"
"Mesa","347","NE.1.22.26.347"
"Mesa","348","NE.1.22.26.348"
"Mesa","349","NE.1.22.26.349"
"Mesa","350","NE.1.22.26.350"
"Establecimiento","ESCUELA 309","NE.1.22.27"
"Mesa","351","NE.1.22.27.351"
"Mesa","352","NE.1.22.27.352"
"Mesa","353","NE.1.22.27.353"
"Mesa","354","NE.1.22.27.354"
"Mesa","355","NE.1.22.27.355"
"Mesa","356","NE.1.22.27.356"
"Mesa","357","NE.1.22.27.357"
"Establecimiento","ESCUELA 107","NE.1.22.28"
"Mesa","314","NE.1.22.28.314"
"Mesa","315","NE.1.22.28.315"
"Mesa","316","NE.1.22.28.316"
"Mesa","317","NE.1.22.28.317"
"Mesa","318","NE.1.22.28.318"
"Mesa","319","NE.1.22.28.319"
"Establecimiento","E.P.E.T 5","NE.1.22.29"
"Mesa","320","NE.1.22.29.320"
"Mesa","321","NE.1.22.29.321"
"Mesa","322","NE.1.22.29.322"
"Mesa","323","NE.1.22.29.323"
"Mesa","324","NE.1.22.29.324"
"Establecimiento","C.P.E.M. 46","NE.1.22.3"
"Mesa","164","NE.1.22.3.164"
"Mesa","165","NE.1.22.3.165"
"Mesa","166","NE.1.22.3.166"
"Mesa","167","NE.1.22.3.167"
"Mesa","168","NE.1.22.3.168"
"Establecimiento","ESCUELA 280","NE.1.22.30"
"Mesa","558","NE.1.22.30.558"
"Mesa","559","NE.1.22.30.559"
"Mesa","560","NE.1.22.30.560"
"Mesa","561","NE.1.22.30.561"
"Establecimiento","ESCUELA 296","NE.1.22.31"
"Mesa","325","NE.1.22.31.325"
"Mesa","326","NE.1.22.31.326"
"Mesa","327","NE.1.22.31.327"
"Mesa","328","NE.1.22.31.328"
"Mesa","329","NE.1.22.31.329"
"Establecimiento","ESCUELA 295","NE.1.22.32"
"Mesa","516","NE.1.22.32.516"
"Mesa","517","NE.1.22.32.517"
"Mesa","518","NE.1.22.32.518"
"Mesa","519","NE.1.22.32.519"
"Mesa","520","NE.1.22.32.520"
"Establecimiento","ESCUELA 190","NE.1.22.33"
"Mesa","562","NE.1.22.33.562"
"Mesa","563","NE.1.22.33.563"
"Mesa","564","NE.1.22.33.564"
"Mesa","565","NE.1.22.33.565"
"Mesa","566","NE.1.22.33.566"
"Mesa","567","NE.1.22.33.567"
"Establecimiento","ESCUELA 193","NE.1.22.34"
"Mesa","568","NE.1.22.34.568"
"Mesa","569","NE.1.22.34.569"
"Mesa","570","NE.1.22.34.570"
"Mesa","571","NE.1.22.34.571"
"Mesa","572","NE.1.22.34.572"
"Establecimiento","C.P.E.M 54","NE.1.22.35"
"Mesa","573","NE.1.22.35.573"
"Mesa","574","NE.1.22.35.574"
"Mesa","575","NE.1.22.35.575"
"Mesa","576","NE.1.22.35.576"
"Mesa","577","NE.1.22.35.577"
"Mesa","578","NE.1.22.35.578"
"Establecimiento","ESCUELA 199","NE.1.22.36"
"Mesa","579","NE.1.22.36.579"
"Mesa","580","NE.1.22.36.580"
"Mesa","581","NE.1.22.36.581"
"Mesa","582","NE.1.22.36.582"
"Mesa","583","NE.1.22.36.583"
"Establecimiento","ESCUELA 200","NE.1.22.37"
"Mesa","498","NE.1.22.37.498"
"Mesa","499","NE.1.22.37.499"
"Mesa","500","NE.1.22.37.500"
"Mesa","501","NE.1.22.37.501"
"Mesa","502","NE.1.22.37.502"
"Mesa","503","NE.1.22.37.503"
"Establecimiento","ESCUELA 298","NE.1.22.38"
"Mesa","544","NE.1.22.38.544"
"Mesa","545","NE.1.22.38.545"
"Mesa","546","NE.1.22.38.546"
"Mesa","547","NE.1.22.38.547"
"Mesa","548","NE.1.22.38.548"
"Mesa","549","NE.1.22.38.549"
"Establecimiento","ESCUELA 245","NE.1.22.39"
"Mesa","633","NE.1.22.39.633"
"Mesa","634","NE.1.22.39.634"
"Mesa","635","NE.1.22.39.635"
"Mesa","636","NE.1.22.39.636"
"Mesa","637","NE.1.22.39.637"
"Mesa","638","NE.1.22.39.638"
"Establecimiento","E.P.E.T 14","NE.1.22.4"
"Mesa","169","NE.1.22.4.169"
"Mesa","170","NE.1.22.4.170"
"Mesa","171","NE.1.22.4.171"
"Mesa","172","NE.1.22.4.172"
"Mesa","173","NE.1.22.4.173"
"Establecimiento","C.P.E.M. 49","NE.1.22.40"
"Mesa","639","NE.1.22.40.639"
"Mesa","640","NE.1.22.40.640"
"Mesa","641","NE.1.22.40.641"
"Mesa","642","NE.1.22.40.642"
"Mesa","643","NE.1.22.40.643"
"Establecimiento","C.P.E.M 29","NE.1.22.41"
"Mesa","619","NE.1.22.41.619"
"Mesa","620","NE.1.22.41.620"
"Mesa","621","NE.1.22.41.621"
"Mesa","622","NE.1.22.41.622"
"Mesa","623","NE.1.22.41.623"
"Mesa","624","NE.1.22.41.624"
"Mesa","625","NE.1.22.41.625"
"Establecimiento","ESCUELA 103","NE.1.22.42"
"Mesa","1","NE.1.22.42.1"
"Mesa","2","NE.1.22.42.2"
"Mesa","3","NE.1.22.42.3"
"Mesa","4","NE.1.22.42.4"
"Mesa","5","NE.1.22.42.5"
"Establecimiento","ESCUELA 136","NE.1.22.43"
"Mesa","10","NE.1.22.43.10"
"Mesa","11","NE.1.22.43.11"
"Mesa","6","NE.1.22.43.6"
"Mesa","7","NE.1.22.43.7"
"Mesa","8","NE.1.22.43.8"
"Mesa","9","NE.1.22.43.9"
"Establecimiento","JEAN PIAGET","NE.1.22.44"
"Mesa","19","NE.1.22.44.19"
"Mesa","20","NE.1.22.44.20"
"Mesa","21","NE.1.22.44.21"
"Mesa","22","NE.1.22.44.22"
"Mesa","23","NE.1.22.44.23"
"Mesa","24","NE.1.22.44.24"
"Mesa","25","NE.1.22.44.25"
"Mesa","26","NE.1.22.44.26"
"Establecimiento","ESCUELA 67","NE.1.22.45"
"Mesa","100","NE.1.22.45.100"
"Mesa","101","NE.1.22.45.101"
"Mesa","102","NE.1.22.45.102"
"Mesa","103","NE.1.22.45.103"
"Mesa","104","NE.1.22.45.104"
"Mesa","99","NE.1.22.45.99"
"Establecimiento","COL. SAN JOSE OBRERO","NE.1.22.46"
"Mesa","105","NE.1.22.46.105"
"Mesa","106","NE.1.22.46.106"
"Mesa","107","NE.1.22.46.107"
"Mesa","108","NE.1.22.46.108"
"Mesa","109","NE.1.22.46.109"
"Establecimiento","ESCUELA 16","NE.1.22.47"
"Mesa","258","NE.1.22.47.258"
"Mesa","259","NE.1.22.47.259"
"Mesa","260","NE.1.22.47.260"
"Mesa","261","NE.1.22.47.261"
"Establecimiento","ESCUELA 140","NE.1.22.48"
"Mesa","262","NE.1.22.48.262"
"Mesa","263","NE.1.22.48.263"
"Mesa","264","NE.1.22.48.264"
"Mesa","265","NE.1.22.48.265"
"Mesa","266","NE.1.22.48.266"
"Establecimiento","COLEGIO DON BOSCO","NE.1.22.49"
"Mesa","272","NE.1.22.49.272"
"Mesa","273","NE.1.22.49.273"
"Mesa","274","NE.1.22.49.274"
"Mesa","275","NE.1.22.49.275"
"Mesa","276","NE.1.22.49.276"
"Mesa","277","NE.1.22.49.277"
"Mesa","278","NE.1.22.49.278"
"Mesa","279","NE.1.22.49.279"
"Mesa","280","NE.1.22.49.280"
"Mesa","281","NE.1.22.49.281"
"Establecimiento","ESCUELA 118","NE.1.22.5"
"Mesa","174","NE.1.22.5.174"
"Mesa","175","NE.1.22.5.175"
"Mesa","176","NE.1.22.5.176"
"Mesa","177","NE.1.22.5.177"
"Mesa","178","NE.1.22.5.178"
"Mesa","179","NE.1.22.5.179"
"Mesa","180","NE.1.22.5.180"
"Establecimiento","ESCUELA 132","NE.1.22.50"
"Mesa","282","NE.1.22.50.282"
"Mesa","283","NE.1.22.50.283"
"Mesa","284","NE.1.22.50.284"
"Mesa","285","NE.1.22.50.285"
"Mesa","286","NE.1.22.50.286"
"Mesa","287","NE.1.22.50.287"
"Mesa","288","NE.1.22.50.288"
"Mesa","289","NE.1.22.50.289"
"Establecimiento","ESCUELA 20","NE.1.22.51"
"Mesa","290","NE.1.22.51.290"
"Mesa","291","NE.1.22.51.291"
"Mesa","292","NE.1.22.51.292"
"Mesa","293","NE.1.22.51.293"
"Mesa","294","NE.1.22.51.294"
"Mesa","295","NE.1.22.51.295"
"Mesa","296","NE.1.22.51.296"
"Establecimiento","E.P.E.T 8","NE.1.22.52"
"Mesa","56","NE.1.22.52.56"
"Mesa","57","NE.1.22.52.57"
"Mesa","58","NE.1.22.52.58"
"Mesa","59","NE.1.22.52.59"
"Mesa","60","NE.1.22.52.60"
"Mesa","61","NE.1.22.52.61"
"Mesa","62","NE.1.22.52.62"
"Mesa","63","NE.1.22.52.63"
"Establecimiento","ESCUELA 207","NE.1.22.53"
"Mesa","64","NE.1.22.53.64"
"Mesa","65","NE.1.22.53.65"
"Mesa","66","NE.1.22.53.66"
"Mesa","67","NE.1.22.53.67"
"Mesa","68","NE.1.22.53.68"
"Mesa","69","NE.1.22.53.69"
"Mesa","70","NE.1.22.53.70"
"Establecimiento","ESCUELA 56","NE.1.22.54"
"Mesa","71","NE.1.22.54.71"
"Mesa","72","NE.1.22.54.72"
"Mesa","73","NE.1.22.54.73"
"Mesa","74","NE.1.22.54.74"
"Mesa","75","NE.1.22.54.75"
"Mesa","76","NE.1.22.54.76"
"Mesa","77","NE.1.22.54.77"
"Establecimiento","ESCUELA 82","NE.1.22.55"
"Mesa","78","NE.1.22.55.78"
"Mesa","79","NE.1.22.55.79"
"Mesa","80","NE.1.22.55.80"
"Mesa","81","NE.1.22.55.81"
"Mesa","82","NE.1.22.55.82"
"Mesa","83","NE.1.22.55.83"
"Mesa","84","NE.1.22.55.84"
"Mesa","85","NE.1.22.55.85"
"Establecimiento","ESCUELA 180","NE.1.22.56"
"Mesa","43","NE.1.22.56.43"
"Mesa","44","NE.1.22.56.44"
"Mesa","45","NE.1.22.56.45"
"Mesa","46","NE.1.22.56.46"
"Mesa","47","NE.1.22.56.47"
"Mesa","48","NE.1.22.56.48"
"Establecimiento","C.P.E.M 19","NE.1.22.57"
"Mesa","110","NE.1.22.57.110"
"Mesa","111","NE.1.22.57.111"
"Mesa","112","NE.1.22.57.112"
"Mesa","113","NE.1.22.57.113"
"Mesa","114","NE.1.22.57.114"
"Establecimiento","ESCUELA 235","NE.1.22.58"
"Mesa","115","NE.1.22.58.115"
"Mesa","116","NE.1.22.58.116"
"Mesa","117","NE.1.22.58.117"
"Mesa","118","NE.1.22.58.118"
"Mesa","119","NE.1.22.58.119"
"Mesa","120","NE.1.22.58.120"
"Mesa","121","NE.1.22.58.121"
"Establecimiento","INST. FORM. DOCENTE 6","NE.1.22.59"
"Mesa","122","NE.1.22.59.122"
"Mesa","123","NE.1.22.59.123"
"Mesa","124","NE.1.22.59.124"
"Mesa","125","NE.1.22.59.125"
"Mesa","126","NE.1.22.59.126"
"Mesa","127","NE.1.22.59.127"
"Establecimiento","C.P.E.M 64","NE.1.22.6"
"Mesa","96","NE.1.22.6.96"
"Mesa","97","NE.1.22.6.97"
"Mesa","98","NE.1.22.6.98"
"Establecimiento","ESCUELA STA GENOVEVA","NE.1.22.60"
"Mesa","128","NE.1.22.60.128"
"Mesa","129","NE.1.22.60.129"
"Mesa","130","NE.1.22.60.130"
"Mesa","131","NE.1.22.60.131"
"Mesa","132","NE.1.22.60.132"
"Establecimiento","ESCUELA 61","NE.1.22.61"
"Mesa","7000","NE.1.22.61.7000"
"Mesa","7001","NE.1.22.61.7001"
"Mesa","7002","NE.1.22.61.7002"
"Mesa","7003","NE.1.22.61.7003"
"Mesa","7004","NE.1.22.61.7004"
"Mesa","7005","NE.1.22.61.7005"
"Mesa","7006","NE.1.22.61.7006"
"Mesa","7007","NE.1.22.61.7007"
"Mesa","7008","NE.1.22.61.7008"
"Mesa","7009","NE.1.22.61.7009"
"Mesa","7010","NE.1.22.61.7010"
"Establecimiento","E.P.E.T. 6","NE.1.22.62"
"Mesa","267","NE.1.22.62.267"
"Mesa","268","NE.1.22.62.268"
"Mesa","269","NE.1.22.62.269"
"Mesa","270","NE.1.22.62.270"
"Mesa","271","NE.1.22.62.271"
"Establecimiento","ESCUELA 196","NE.1.22.63"
"Mesa","537","NE.1.22.63.537"
"Mesa","538","NE.1.22.63.538"
"Mesa","539","NE.1.22.63.539"
"Mesa","540","NE.1.22.63.540"
"Mesa","541","NE.1.22.63.541"
"Mesa","542","NE.1.22.63.542"
"Mesa","543","NE.1.22.63.543"
"Establecimiento","ESCUELA 289","NE.1.22.64"
"Mesa","437","NE.1.22.64.437"
"Mesa","438","NE.1.22.64.438"
"Mesa","439","NE.1.22.64.439"
"Mesa","440","NE.1.22.64.440"
"Mesa","441","NE.1.22.64.441"
"Establecimiento","E.P.E.T. 17","NE.1.22.65"
"Mesa","504","NE.1.22.65.504"
"Mesa","505","NE.1.22.65.505"
"Mesa","506","NE.1.22.65.506"
"Mesa","507","NE.1.22.65.507"
"Mesa","508","NE.1.22.65.508"
"Mesa","509","NE.1.22.65.509"
"Establecimiento","ESCUELA 348","NE.1.22.66"
"Mesa","526","NE.1.22.66.526"
"Mesa","527","NE.1.22.66.527"
"Mesa","528","NE.1.22.66.528"
"Mesa","529","NE.1.22.66.529"
"Mesa","530","NE.1.22.66.530"
"Establecimiento","ESCUELA 311","NE.1.22.67"
"Mesa","493","NE.1.22.67.493"
"Mesa","494","NE.1.22.67.494"
"Mesa","495","NE.1.22.67.495"
"Mesa","496","NE.1.22.67.496"
"Mesa","497","NE.1.22.67.497"
"Establecimiento","ESCUELA 312","NE.1.22.68"
"Mesa","510","NE.1.22.68.510"
"Mesa","511","NE.1.22.68.511"
"Mesa","512","NE.1.22.68.512"
"Mesa","513","NE.1.22.68.513"
"Mesa","514","NE.1.22.68.514"
"Mesa","515","NE.1.22.68.515"
"Establecimiento","E.P.E.T. 3","NE.1.22.69"
"Mesa","424","NE.1.22.69.424"
"Mesa","425","NE.1.22.69.425"
"Mesa","426","NE.1.22.69.426"
"Mesa","427","NE.1.22.69.427"
"Mesa","428","NE.1.22.69.428"
"Mesa","429","NE.1.22.69.429"
"Mesa","430","NE.1.22.69.430"
"Mesa","431","NE.1.22.69.431"
"Establecimiento","ESCUELA 201","NE.1.22.7"
"Mesa","205","NE.1.22.7.205"
"Mesa","206","NE.1.22.7.206"
"Mesa","207","NE.1.22.7.207"
"Mesa","208","NE.1.22.7.208"
"Mesa","209","NE.1.22.7.209"
"Mesa","210","NE.1.22.7.210"
"Mesa","211","NE.1.22.7.211"
"Establecimiento","ESCUELA 115","NE.1.22.70"
"Mesa","590","NE.1.22.70.590"
"Mesa","591","NE.1.22.70.591"
"Mesa","592","NE.1.22.70.592"
"Mesa","593","NE.1.22.70.593"
"Mesa","594","NE.1.22.70.594"
"Establecimiento","COLEGIO ARTURO ILLIA","NE.1.22.71"
"Mesa","12","NE.1.22.71.12"
"Mesa","13","NE.1.22.71.13"
"Mesa","14","NE.1.22.71.14"
"Mesa","15","NE.1.22.71.15"
"Mesa","16","NE.1.22.71.16"
"Mesa","17","NE.1.22.71.17"
"Mesa","18","NE.1.22.71.18"
"Establecimiento","ESCUELA 101","NE.1.22.72"
"Mesa","626","NE.1.22.72.626"
"Mesa","627","NE.1.22.72.627"
"Mesa","628","NE.1.22.72.628"
"Mesa","629","NE.1.22.72.629"
"Mesa","630","NE.1.22.72.630"
"Mesa","631","NE.1.22.72.631"
"Mesa","632","NE.1.22.72.632"
"Establecimiento","COLEGIO LIDER","NE.1.22.73"
"Mesa","49","NE.1.22.73.49"
"Mesa","50","NE.1.22.73.50"
"Mesa","51","NE.1.22.73.51"
"Mesa","52","NE.1.22.73.52"
"Mesa","53","NE.1.22.73.53"
"Mesa","54","NE.1.22.73.54"
"Mesa","55","NE.1.22.73.55"
"Establecimiento","ESCUELA 366","NE.1.22.74"
"Mesa","463","NE.1.22.74.463"
"Mesa","464","NE.1.22.74.464"
"Mesa","465","NE.1.22.74.465"
"Mesa","466","NE.1.22.74.466"
"Mesa","467","NE.1.22.74.467"
"Establecimiento","C.P.E.M 25","NE.1.22.75"
"Mesa","192","NE.1.22.75.192"
"Mesa","193","NE.1.22.75.193"
"Mesa","194","NE.1.22.75.194"
"Mesa","195","NE.1.22.75.195"
"Mesa","196","NE.1.22.75.196"
"Mesa","197","NE.1.22.75.197"
"Mesa","198","NE.1.22.75.198"
"Mesa","199","NE.1.22.75.199"
"Establecimiento","E.P.E.T. 20","NE.1.22.76"
"Mesa","297","NE.1.22.76.297"
"Mesa","298","NE.1.22.76.298"
"Mesa","299","NE.1.22.76.299"
"Mesa","300","NE.1.22.76.300"
"Mesa","301","NE.1.22.76.301"
"Establecimiento","C.P.E.M 47","NE.1.22.77"
"Mesa","390","NE.1.22.77.390"
"Mesa","391","NE.1.22.77.391"
"Mesa","392","NE.1.22.77.392"
"Mesa","393","NE.1.22.77.393"
"Mesa","394","NE.1.22.77.394"
"Establecimiento","ESCUELA 182","NE.1.22.78"
"Mesa","92","NE.1.22.78.92"
"Mesa","93","NE.1.22.78.93"
"Mesa","94","NE.1.22.78.94"
"Mesa","95","NE.1.22.78.95"
"Establecimiento","C.P.E.M N° 34","NE.1.22.79"
"Mesa","86","NE.1.22.79.86"
"Mesa","87","NE.1.22.79.87"
"Mesa","88","NE.1.22.79.88"
"Mesa","89","NE.1.22.79.89"
"Mesa","90","NE.1.22.79.90"
"Mesa","91","NE.1.22.79.91"
"Establecimiento","ESCUELA 125","NE.1.22.8"
"Mesa","212","NE.1.22.8.212"
"Mesa","213","NE.1.22.8.213"
"Mesa","214","NE.1.22.8.214"
"Mesa","215","NE.1.22.8.215"
"Mesa","216","NE.1.22.8.216"
"Mesa","217","NE.1.22.8.217"
"Mesa","218","NE.1.22.8.218"
"Establecimiento","PABLO VI","NE.1.22.80"
"Mesa","200","NE.1.22.80.200"
"Mesa","201","NE.1.22.80.201"
"Mesa","202","NE.1.22.80.202"
"Mesa","203","NE.1.22.80.203"
"Mesa","204","NE.1.22.80.204"
"Establecimiento","C.P.E.M N° 12","NE.1.22.81"
"Mesa","219","NE.1.22.81.219"
"Mesa","220","NE.1.22.81.220"
"Mesa","221","NE.1.22.81.221"
"Mesa","222","NE.1.22.81.222"
"Mesa","223","NE.1.22.81.223"
"Mesa","224","NE.1.22.81.224"
"Mesa","225","NE.1.22.81.225"
"Establecimiento","ESCUELA ESPECIAL 15","NE.1.22.82"
"Mesa","241","NE.1.22.82.241"
"Mesa","242","NE.1.22.82.242"
"Mesa","243","NE.1.22.82.243"
"Mesa","244","NE.1.22.82.244"
"Establecimiento","ESCUELA BELLAS ARTES","NE.1.22.83"
"Mesa","309","NE.1.22.83.309"
"Mesa","310","NE.1.22.83.310"
"Mesa","311","NE.1.22.83.311"
"Mesa","312","NE.1.22.83.312"
"Mesa","313","NE.1.22.83.313"
"Establecimiento","ESCUELA DOMINGO SAVIO","NE.1.22.84"
"Mesa","358","NE.1.22.84.358"
"Mesa","359","NE.1.22.84.359"
"Mesa","360","NE.1.22.84.360"
"Mesa","361","NE.1.22.84.361"
"Mesa","362","NE.1.22.84.362"
"Establecimiento","C.P.E.M N° 48","NE.1.22.85"
"Mesa","447","NE.1.22.85.447"
"Mesa","448","NE.1.22.85.448"
"Mesa","449","NE.1.22.85.449"
"Mesa","450","NE.1.22.85.450"
"Mesa","451","NE.1.22.85.451"
"Establecimiento","ESCUELA 343","NE.1.22.86"
"Mesa","395","NE.1.22.86.395"
"Mesa","396","NE.1.22.86.396"
"Mesa","397","NE.1.22.86.397"
"Mesa","398","NE.1.22.86.398"
"Establecimiento","ESCUELA 347","NE.1.22.87"
"Mesa","473","NE.1.22.87.473"
"Mesa","474","NE.1.22.87.474"
"Mesa","475","NE.1.22.87.475"
"Mesa","476","NE.1.22.87.476"
"Mesa","477","NE.1.22.87.477"
"Establecimiento","ESCUELA 336","NE.1.22.88"
"Mesa","521","NE.1.22.88.521"
"Mesa","522","NE.1.22.88.522"
"Mesa","523","NE.1.22.88.523"
"Mesa","524","NE.1.22.88.524"
"Mesa","525","NE.1.22.88.525"
"Establecimiento","ESCUELA CRISTIANA EVANGELICA","NE.1.22.89"
"Mesa","27","NE.1.22.89.27"
"Mesa","28","NE.1.22.89.28"
"Mesa","29","NE.1.22.89.29"
"Mesa","30","NE.1.22.89.30"
"Mesa","31","NE.1.22.89.31"
"Mesa","32","NE.1.22.89.32"
"Mesa","33","NE.1.22.89.33"
"Mesa","34","NE.1.22.89.34"
"Establecimiento","C.P.E.M 23","NE.1.22.9"
"Mesa","245","NE.1.22.9.245"
"Mesa","246","NE.1.22.9.246"
"Mesa","247","NE.1.22.9.247"
"Mesa","248","NE.1.22.9.248"
"Mesa","249","NE.1.22.9.249"
"Mesa","250","NE.1.22.9.250"
"Mesa","251","NE.1.22.9.251"
"Mesa","252","NE.1.22.9.252"
"Establecimiento","C.P.E.M N° 72","NE.1.22.90"
"Mesa","399","NE.1.22.90.399"
"Mesa","400","NE.1.22.90.400"
"Mesa","401","NE.1.22.90.401"
"Mesa","402","NE.1.22.90.402"
"Mesa","403","NE.1.22.90.403"
"Mesa","404","NE.1.22.90.404"
"Establecimiento","POLIDEPORTIVO GREGORIO ALVAREZ","NE.1.22.91"
"Mesa","550","NE.1.22.91.550"
"Mesa","551","NE.1.22.91.551"
"Mesa","552","NE.1.22.91.552"
"Mesa","553","NE.1.22.91.553"
"Mesa","554","NE.1.22.91.554"
"Mesa","555","NE.1.22.91.555"
"Mesa","556","NE.1.22.91.556"
"Mesa","557","NE.1.22.91.557"
"Establecimiento","POLIDEPORTIVO  EL PROGRESO","NE.1.22.92"
"Mesa","405","NE.1.22.92.405"
"Mesa","406","NE.1.22.92.406"
"Mesa","407","NE.1.22.92.407"
"Mesa","408","NE.1.22.92.408"
"Mesa","409","NE.1.22.92.409"
"Mesa","410","NE.1.22.92.410"
"Establecimiento","C.P.E.M N° 44","NE.1.22.93"
"Mesa","456","NE.1.22.93.456"
"Mesa","457","NE.1.22.93.457"
"Mesa","458","NE.1.22.93.458"
"Mesa","459","NE.1.22.93.459"
"Mesa","460","NE.1.22.93.460"
"Mesa","461","NE.1.22.93.461"
"Mesa","462","NE.1.22.93.462"
"Establecimiento","ESCUELA 362","NE.1.22.94"
"Mesa","468","NE.1.22.94.468"
"Mesa","469","NE.1.22.94.469"
"Mesa","470","NE.1.22.94.470"
"Mesa","471","NE.1.22.94.471"
"Mesa","472","NE.1.22.94.472"
"Establecimiento","ESPACIO RAKIZUAM","NE.1.22.95"
"Mesa","610","NE.1.22.95.610"
"Mesa","611","NE.1.22.95.611"
"Mesa","612","NE.1.22.95.612"
"Mesa","613","NE.1.22.95.613"
"Mesa","614","NE.1.22.95.614"
"Mesa","615","NE.1.22.95.615"
"Mesa","616","NE.1.22.95.616"
"Mesa","617","NE.1.22.95.617"
"Mesa","618","NE.1.22.95.618"
"Establecimiento","COLEGIO NEUQUEN OESTE","NE.1.22.96"
"Mesa","595","NE.1.22.96.595"
"Mesa","596","NE.1.22.96.596"
"Mesa","597","NE.1.22.96.597"
"Mesa","598","NE.1.22.96.598"
"Mesa","599","NE.1.22.96.599"
"Mesa","600","NE.1.22.96.600"
"Mesa","601","NE.1.22.96.601"
"Mesa","602","NE.1.22.96.602"
"Mesa","603","NE.1.22.96.603"
"Establecimiento","GIMNASIO - ESC CRISTIANA DE VIDA","NE.1.22.97"
"Mesa","330","NE.1.22.97.330"
"Mesa","331","NE.1.22.97.331"
"Mesa","332","NE.1.22.97.332"
"Mesa","333","NE.1.22.97.333"
"Mesa","334","NE.1.22.97.334"
"Mesa","335","NE.1.22.97.335"
"Establecimiento","SAF 1","NE.1.22.98"
"Mesa","485","NE.1.22.98.485"
"Mesa","486","NE.1.22.98.486"
"Mesa","487","NE.1.22.98.487"
"Mesa","488","NE.1.22.98.488"
"Mesa","489","NE.1.22.98.489"
"Mesa","490","NE.1.22.98.490"
"Mesa","491","NE.1.22.98.491"
"Mesa","492","NE.1.22.98.492"
"Establecimiento","C.E.F. 13","NE.1.22.99"
"Mesa","644","NE.1.22.99.644"
"Mesa","645","NE.1.22.99.645"
"Mesa","646","NE.1.22.99.646"
"Mesa","647","NE.1.22.99.647"
"Mesa","648","NE.1.22.99.648"
"Mesa","649","NE.1.22.99.649"
"Mesa","650","NE.1.22.99.650"
"Mesa","651","NE.1.22.99.651"
"Localidad","Plaza Huincul","NE.1.25"
"Establecimiento","E.P.E.T. 10","NE.1.25.1"
"Mesa","752","NE.1.25.1.752"
"Mesa","753","NE.1.25.1.753"
"Mesa","754","NE.1.25.1.754"
"Mesa","755","NE.1.25.1.755"
"Mesa","756","NE.1.25.1.756"
"Mesa","757","NE.1.25.1.757"
"Mesa","758","NE.1.25.1.758"
"Establecimiento","C.P.E.M. 58","NE.1.25.2"
"Mesa","759","NE.1.25.2.759"
"Mesa","760","NE.1.25.2.760"
"Mesa","761","NE.1.25.2.761"
"Mesa","762","NE.1.25.2.762"
"Mesa","763","NE.1.25.2.763"
"Mesa","764","NE.1.25.2.764"
"Mesa","765","NE.1.25.2.765"
"Establecimiento","ESCUELA 49","NE.1.25.3"
"Mesa","766","NE.1.25.3.766"
"Mesa","767","NE.1.25.3.767"
"Mesa","768","NE.1.25.3.768"
"Mesa","769","NE.1.25.3.769"
"Mesa","770","NE.1.25.3.770"
"Establecimiento","ESCUELA 159","NE.1.25.4"
"Mesa","771","NE.1.25.4.771"
"Mesa","772","NE.1.25.4.772"
"Mesa","773","NE.1.25.4.773"
"Mesa","774","NE.1.25.4.774"
"Mesa","775","NE.1.25.4.775"
"Mesa","776","NE.1.25.4.776"
"Mesa","777","NE.1.25.4.777"
"Establecimiento","CLUB PLAZA HUINCUL","NE.1.25.5"
"Mesa","740","NE.1.25.5.740"
"Mesa","741","NE.1.25.5.741"
"Mesa","742","NE.1.25.5.742"
"Mesa","743","NE.1.25.5.743"
"Mesa","744","NE.1.25.5.744"
"Mesa","745","NE.1.25.5.745"
"Mesa","746","NE.1.25.5.746"
"Mesa","747","NE.1.25.5.747"
"Establecimiento","ESCUELA 133","NE.1.25.6"
"Mesa","748","NE.1.25.6.748"
"Mesa","749","NE.1.25.6.749"
"Mesa","750","NE.1.25.6.750"
"Mesa","751","NE.1.25.6.751"
"Establecimiento","ESCUELA 334","NE.1.25.7"
"Mesa","778","NE.1.25.7.778"
"Mesa","779","NE.1.25.7.779"
"Mesa","780","NE.1.25.7.780"
"Mesa","781","NE.1.25.7.781"
"Mesa","782","NE.1.25.7.782"
"Mesa","783","NE.1.25.7.783"
"Mesa","784","NE.1.25.7.784"
"Localidad","Plottier","NE.1.26"
"Establecimiento","ESCUELA 46","NE.1.26.1"
"Mesa","908","NE.1.26.1.908"
"Mesa","909","NE.1.26.1.909"
"Mesa","910","NE.1.26.1.910"
"Mesa","911","NE.1.26.1.911"
"Mesa","912","NE.1.26.1.912"
"Mesa","913","NE.1.26.1.913"
"Establecimiento","ESCUELA 98","NE.1.26.10"
"Mesa","914","NE.1.26.10.914"
"Mesa","915","NE.1.26.10.915"
"Mesa","916","NE.1.26.10.916"
"Mesa","917","NE.1.26.10.917"
"Establecimiento","GIMNASIO MUNICIPAL 108 VIV","NE.1.26.11"
"Mesa","830","NE.1.26.11.830"
"Mesa","831","NE.1.26.11.831"
"Mesa","832","NE.1.26.11.832"
"Mesa","833","NE.1.26.11.833"
"Mesa","834","NE.1.26.11.834"
"Mesa","835","NE.1.26.11.835"
"Mesa","836","NE.1.26.11.836"
"Mesa","837","NE.1.26.11.837"
"Establecimiento","ESCUELA 234","NE.1.26.12"
"Mesa","838","NE.1.26.12.838"
"Mesa","839","NE.1.26.12.839"
"Mesa","840","NE.1.26.12.840"
"Mesa","841","NE.1.26.12.841"
"Mesa","842","NE.1.26.12.842"
"Establecimiento","ESCUELA 367","NE.1.26.13"
"Mesa","848","NE.1.26.13.848"
"Mesa","849","NE.1.26.13.849"
"Mesa","850","NE.1.26.13.850"
"Mesa","851","NE.1.26.13.851"
"Mesa","852","NE.1.26.13.852"
"Mesa","853","NE.1.26.13.853"
"Mesa","854","NE.1.26.13.854"
"Establecimiento","GIMNASIO MUNICIPAL PLOTTIER","NE.1.26.14"
"Mesa","875","NE.1.26.14.875"
"Mesa","876","NE.1.26.14.876"
"Mesa","877","NE.1.26.14.877"
"Mesa","878","NE.1.26.14.878"
"Mesa","879","NE.1.26.14.879"
"Mesa","880","NE.1.26.14.880"
"Mesa","881","NE.1.26.14.881"
"Mesa","882","NE.1.26.14.882"
"Mesa","883","NE.1.26.14.883"
"Mesa","884","NE.1.26.14.884"
"Establecimiento","ESCUELA 266","NE.1.26.15"
"Mesa","885","NE.1.26.15.885"
"Mesa","886","NE.1.26.15.886"
"Mesa","887","NE.1.26.15.887"
"Mesa","888","NE.1.26.15.888"
"Mesa","889","NE.1.26.15.889"
"Mesa","890","NE.1.26.15.890"
"Establecimiento","EPEA 2","NE.1.26.16"
"Mesa","918","NE.1.26.16.918"
"Mesa","919","NE.1.26.16.919"
"Mesa","920","NE.1.26.16.920"
"Mesa","921","NE.1.26.16.921"
"Mesa","922","NE.1.26.16.922"
"Mesa","923","NE.1.26.16.923"
"Mesa","924","NE.1.26.16.924"
"Establecimiento","ESCUELA 301","NE.1.26.17"
"Mesa","925","NE.1.26.17.925"
"Mesa","926","NE.1.26.17.926"
"Mesa","927","NE.1.26.17.927"
"Mesa","928","NE.1.26.17.928"
"Mesa","929","NE.1.26.17.929"
"Establecimiento","ESCUELA 92","NE.1.26.2"
"Mesa","891","NE.1.26.2.891"
"Mesa","892","NE.1.26.2.892"
"Mesa","893","NE.1.26.2.893"
"Mesa","894","NE.1.26.2.894"
"Mesa","895","NE.1.26.2.895"
"Mesa","896","NE.1.26.2.896"
"Establecimiento","C.P.E.M. 8","NE.1.26.3"
"Mesa","855","NE.1.26.3.855"
"Mesa","856","NE.1.26.3.856"
"Mesa","857","NE.1.26.3.857"
"Mesa","858","NE.1.26.3.858"
"Mesa","859","NE.1.26.3.859"
"Mesa","860","NE.1.26.3.860"
"Mesa","861","NE.1.26.3.861"
"Mesa","862","NE.1.26.3.862"
"Mesa","863","NE.1.26.3.863"
"Mesa","864","NE.1.26.3.864"
"Establecimiento","ESCUELA 60","NE.1.26.4"
"Mesa","820","NE.1.26.4.820"
"Mesa","821","NE.1.26.4.821"
"Mesa","822","NE.1.26.4.822"
"Mesa","823","NE.1.26.4.823"
"Mesa","824","NE.1.26.4.824"
"Establecimiento","ESCUELA 240","NE.1.26.5"
"Mesa","825","NE.1.26.5.825"
"Mesa","826","NE.1.26.5.826"
"Mesa","827","NE.1.26.5.827"
"Mesa","828","NE.1.26.5.828"
"Mesa","829","NE.1.26.5.829"
"Establecimiento","C.P.E.M. 55","NE.1.26.6"
"Mesa","865","NE.1.26.6.865"
"Mesa","866","NE.1.26.6.866"
"Mesa","867","NE.1.26.6.867"
"Mesa","868","NE.1.26.6.868"
"Mesa","869","NE.1.26.6.869"
"Mesa","870","NE.1.26.6.870"
"Mesa","871","NE.1.26.6.871"
"Mesa","872","NE.1.26.6.872"
"Mesa","873","NE.1.26.6.873"
"Mesa","874","NE.1.26.6.874"
"Establecimiento","ESCUELA 351","NE.1.26.7"
"Mesa","843","NE.1.26.7.843"
"Mesa","844","NE.1.26.7.844"
"Mesa","845","NE.1.26.7.845"
"Mesa","846","NE.1.26.7.846"
"Mesa","847","NE.1.26.7.847"
"Establecimiento","ESCUELA 192","NE.1.26.8"
"Mesa","897","NE.1.26.8.897"
"Mesa","898","NE.1.26.8.898"
"Mesa","899","NE.1.26.8.899"
"Mesa","900","NE.1.26.8.900"
"Mesa","901","NE.1.26.8.901"
"Establecimiento","C.P.E.M 27","NE.1.26.9"
"Mesa","902","NE.1.26.9.902"
"Mesa","903","NE.1.26.9.903"
"Mesa","904","NE.1.26.9.904"
"Mesa","905","NE.1.26.9.905"
"Mesa","906","NE.1.26.9.906"
"Mesa","907","NE.1.26.9.907"
"Localidad","Senillosa","NE.1.30"
"Establecimiento","C.P.E.M. 15","NE.1.30.1"
"Mesa","793","NE.1.30.1.793"
"Mesa","794","NE.1.30.1.794"
"Mesa","795","NE.1.30.1.795"
"Mesa","796","NE.1.30.1.796"
"Mesa","797","NE.1.30.1.797"
"Mesa","798","NE.1.30.1.798"
"Mesa","799","NE.1.30.1.799"
"Mesa","800","NE.1.30.1.800"
"Establecimiento","E.P.E.T. 18","NE.1.30.2"
"Mesa","7012","NE.1.30.2.7012"
"Mesa","801","NE.1.30.2.801"
"Mesa","802","NE.1.30.2.802"
"Mesa","803","NE.1.30.2.803"
"Mesa","804","NE.1.30.2.804"
"Mesa","805","NE.1.30.2.805"
"Mesa","806","NE.1.30.2.806"
"Mesa","807","NE.1.30.2.807"
"Mesa","808","NE.1.30.2.808"
"Mesa","809","NE.1.30.2.809"
"Establecimiento","ESCUELA 267","NE.1.30.3"
"Mesa","819","NE.1.30.3.819"
"Establecimiento","C.E.F. 12","NE.1.30.4"
"Mesa","810","NE.1.30.4.810"
"Mesa","811","NE.1.30.4.811"
"Mesa","812","NE.1.30.4.812"
"Mesa","813","NE.1.30.4.813"
"Mesa","814","NE.1.30.4.814"
"Mesa","815","NE.1.30.4.815"
"Mesa","816","NE.1.30.4.816"
"Mesa","817","NE.1.30.4.817"
"Mesa","818","NE.1.30.4.818"
"Localidad","Vista Alegre","NE.1.35"
"Establecimiento","ESCUELA 166","NE.1.35.1"
"Mesa","1031","NE.1.35.1.1031"
"Mesa","1032","NE.1.35.1.1032"
"Mesa","1033","NE.1.35.1.1033"
"Mesa","1034","NE.1.35.1.1034"
"Mesa","1035","NE.1.35.1.1035"
"Mesa","1036","NE.1.35.1.1036"
"Mesa","7017","NE.1.35.1.7017"
"Establecimiento","C.P.E.M 33","NE.1.35.2"
"Mesa","1037","NE.1.35.2.1037"
"Mesa","1038","NE.1.35.2.1038"
"Mesa","1039","NE.1.35.2.1039"
"Mesa","1040","NE.1.35.2.1040"
"Mesa","1041","NE.1.35.2.1041"
"Mesa","1042","NE.1.35.2.1042"
"Localidad","Sauzal Bonito","NE.1.37"
"Establecimiento","ESCUELA 243","NE.1.37.1"
"Mesa","786","NE.1.37.1.786"
"Localidad","Centenario","NE.1.8"
"Establecimiento","ESCUELA 239","NE.1.8.1"
"Mesa","951","NE.1.8.1.951"
"Mesa","952","NE.1.8.1.952"
"Mesa","953","NE.1.8.1.953"
"Mesa","954","NE.1.8.1.954"
"Mesa","955","NE.1.8.1.955"
"Mesa","956","NE.1.8.1.956"
"Establecimiento","ESCUELA 358","NE.1.8.10"
"Mesa","1007","NE.1.8.10.1007"
"Mesa","1008","NE.1.8.10.1008"
"Mesa","1009","NE.1.8.10.1009"
"Mesa","1010","NE.1.8.10.1010"
"Mesa","1011","NE.1.8.10.1011"
"Mesa","1012","NE.1.8.10.1012"
"Establecimiento","C.P.E.M 1","NE.1.8.11"
"Mesa","941","NE.1.8.11.941"
"Mesa","942","NE.1.8.11.942"
"Mesa","943","NE.1.8.11.943"
"Mesa","944","NE.1.8.11.944"
"Mesa","945","NE.1.8.11.945"
"Establecimiento","POLIDEPORTIVO SARMIENTO","NE.1.8.12"
"Mesa","968","NE.1.8.12.968"
"Mesa","969","NE.1.8.12.969"
"Mesa","970","NE.1.8.12.970"
"Mesa","971","NE.1.8.12.971"
"Mesa","972","NE.1.8.12.972"
"Mesa","973","NE.1.8.12.973"
"Mesa","974","NE.1.8.12.974"
"Mesa","975","NE.1.8.12.975"
"Mesa","976","NE.1.8.12.976"
"Establecimiento","E.P.E.T 22","NE.1.8.13"
"Mesa","977","NE.1.8.13.977"
"Mesa","978","NE.1.8.13.978"
"Mesa","979","NE.1.8.13.979"
"Mesa","980","NE.1.8.13.980"
"Mesa","981","NE.1.8.13.981"
"Establecimiento","ESCUELA 360","NE.1.8.14"
"Mesa","982","NE.1.8.14.982"
"Mesa","983","NE.1.8.14.983"
"Mesa","984","NE.1.8.14.984"
"Mesa","985","NE.1.8.14.985"
"Establecimiento","C.P.E.M 67","NE.1.8.15"
"Mesa","1001","NE.1.8.15.1001"
"Mesa","1002","NE.1.8.15.1002"
"Mesa","1003","NE.1.8.15.1003"
"Mesa","1004","NE.1.8.15.1004"
"Mesa","1005","NE.1.8.15.1005"
"Mesa","1006","NE.1.8.15.1006"
"Establecimiento","ESCUELA 59","NE.1.8.16"
"Mesa","1013","NE.1.8.16.1013"
"Mesa","1014","NE.1.8.16.1014"
"Mesa","1015","NE.1.8.16.1015"
"Mesa","1016","NE.1.8.16.1016"
"Mesa","1017","NE.1.8.16.1017"
"Establecimiento","C.P.E.M 71","NE.1.8.17"
"Mesa","1018","NE.1.8.17.1018"
"Mesa","1019","NE.1.8.17.1019"
"Mesa","1020","NE.1.8.17.1020"
"Mesa","1021","NE.1.8.17.1021"
"Mesa","1022","NE.1.8.17.1022"
"Establecimiento","POLIDEPORTIVO ALDO TATA SCRIVANI","NE.1.8.18"
"Mesa","1023","NE.1.8.18.1023"
"Mesa","1024","NE.1.8.18.1024"
"Mesa","1025","NE.1.8.18.1025"
"Mesa","1026","NE.1.8.18.1026"
"Mesa","1027","NE.1.8.18.1027"
"Mesa","1028","NE.1.8.18.1028"
"Mesa","1029","NE.1.8.18.1029"
"Mesa","1030","NE.1.8.18.1030"
"Establecimiento","ESCUELA 229","NE.1.8.2"
"Mesa","957","NE.1.8.2.957"
"Mesa","958","NE.1.8.2.958"
"Mesa","959","NE.1.8.2.959"
"Mesa","960","NE.1.8.2.960"
"Mesa","961","NE.1.8.2.961"
"Mesa","962","NE.1.8.2.962"
"Establecimiento","VIRGEN DEL LUJAN","NE.1.8.3"
"Mesa","7013","NE.1.8.3.7013"
"Mesa","7014","NE.1.8.3.7014"
"Mesa","7015","NE.1.8.3.7015"
"Mesa","936","NE.1.8.3.936"
"Mesa","937","NE.1.8.3.937"
"Mesa","938","NE.1.8.3.938"
"Mesa","939","NE.1.8.3.939"
"Mesa","940","NE.1.8.3.940"
"Establecimiento","ESCUELA 124","NE.1.8.4"
"Mesa","7016","NE.1.8.4.7016"
"Mesa","986","NE.1.8.4.986"
"Mesa","987","NE.1.8.4.987"
"Mesa","988","NE.1.8.4.988"
"Establecimiento","ESCUELA 109","NE.1.8.5"
"Mesa","931","NE.1.8.5.931"
"Mesa","932","NE.1.8.5.932"
"Mesa","933","NE.1.8.5.933"
"Mesa","934","NE.1.8.5.934"
"Mesa","935","NE.1.8.5.935"
"Establecimiento","ESCUELA 13","NE.1.8.6"
"Mesa","946","NE.1.8.6.946"
"Mesa","947","NE.1.8.6.947"
"Mesa","948","NE.1.8.6.948"
"Mesa","949","NE.1.8.6.949"
"Mesa","950","NE.1.8.6.950"
"Establecimiento","ESCUELA 282","NE.1.8.7"
"Mesa","989","NE.1.8.7.989"
"Mesa","990","NE.1.8.7.990"
"Mesa","991","NE.1.8.7.991"
"Mesa","992","NE.1.8.7.992"
"Mesa","993","NE.1.8.7.993"
"Mesa","994","NE.1.8.7.994"
"Establecimiento","ESCUELA 305","NE.1.8.8"
"Mesa","1000","NE.1.8.8.1000"
"Mesa","995","NE.1.8.8.995"
"Mesa","996","NE.1.8.8.996"
"Mesa","997","NE.1.8.8.997"
"Mesa","998","NE.1.8.8.998"
"Mesa","999","NE.1.8.8.999"
"Establecimiento","E.P.E.T. 2","NE.1.8.9"
"Mesa","963","NE.1.8.9.963"
"Mesa","964","NE.1.8.9.964"
"Mesa","965","NE.1.8.9.965"
"Mesa","966","NE.1.8.9.966"
"Mesa","967","NE.1.8.9.967"
"Departamento","Alumine","NE.10"
"Localidad","Alumine","NE.10.1"
"Establecimiento","ESCUELA 52","NE.10.1.1"
"Mesa","1399","NE.10.1.1.1399"
"Mesa","1400","NE.10.1.1.1400"
"Mesa","1401","NE.10.1.1.1401"
"Mesa","1402","NE.10.1.1.1402"
"Mesa","1403","NE.10.1.1.1403"
"Mesa","1413","NE.10.1.1.1413"
"Establecimiento","SAF 1 ALUMINE","NE.10.1.2"
"Mesa","1404","NE.10.1.2.1404"
"Mesa","1405","NE.10.1.2.1405"
"Mesa","1406","NE.10.1.2.1406"
"Mesa","1407","NE.10.1.2.1407"
"Mesa","1408","NE.10.1.2.1408"
"Mesa","1409","NE.10.1.2.1409"
"Mesa","1410","NE.10.1.2.1410"
"Mesa","1411","NE.10.1.2.1411"
"Mesa","1412","NE.10.1.2.1412"
"Mesa","7040","NE.10.1.2.7040"
"Localidad","Alumine - Fuera de Radio","NE.10.1010C"
"Localidad","Quillen","NE.10.1020C"
"Establecimiento","ESCUELA 65","NE.10.1020C.1"
"Mesa","1414","NE.10.1020C.1.1414"
"Localidad","Ruca Choroy","NE.10.1030C"
"Establecimiento","ESCUELA 58","NE.10.1030C.1"
"Mesa","1415","NE.10.1030C.1.1415"
"Mesa","1416","NE.10.1030C.1.1416"
"Mesa","1417","NE.10.1030C.1.1417"
"Localidad","Pulmari","NE.10.1040C"
"Establecimiento","CASINO ESTANCIA PULMARI","NE.10.1040C.1"
"Mesa","1418","NE.10.1040C.1.1418"
"Localidad","Ñorquinco","NE.10.1050C"
"Establecimiento","ESCUELA 72","NE.10.1050C.1"
"Mesa","1419","NE.10.1050C.1.1419"
"Localidad","Lonco Luan","NE.10.1080C"
"Establecimiento","ESCUELA 212","NE.10.1080C.1"
"Mesa","1427","NE.10.1080C.1.1427"
"Localidad","Kilca","NE.10.1090C"
"Establecimiento","ESCUELA 57","NE.10.1090C.1"
"Mesa","1428","NE.10.1090C.1.1428"
"Localidad","Villa Pehuenia","NE.10.34"
"Establecimiento","ESCUELA 261","NE.10.34.1"
"Mesa","1425","NE.10.34.1.1425"
"Mesa","1426","NE.10.34.1.1426"
"Mesa","7042","NE.10.34.1.7042"
"Establecimiento","SAF 1 VILLA PEHUENIA","NE.10.34.2"
"Mesa","1420","NE.10.34.2.1420"
"Mesa","1421","NE.10.34.2.1421"
"Mesa","1422","NE.10.34.2.1422"
"Mesa","1423","NE.10.34.2.1423"
"Mesa","1424","NE.10.34.2.1424"
"Mesa","7041","NE.10.34.2.7041"
"Departamento","Catan Lil","NE.11"
"Localidad","Las Coloradas - Fuera de Radio","NE.11.1110C"
"Localidad","El Salitral","NE.11.1120C"
"Establecimiento","ESCUELA 130","NE.11.1120C.1"
"Mesa","1433","NE.11.1120C.1.1433"
"Localidad","Caichihue","NE.11.1130C"
"Establecimiento","ESCUELA 247","NE.11.1130C.1"
"Mesa","1434","NE.11.1130C.1.1434"
"Localidad","La Picaza","NE.11.1140C"
"Establecimiento","ESCUELA 220","NE.11.1140C.1"
"Mesa","1435","NE.11.1140C.1.1435"
"Localidad","Las Cortaderas","NE.11.1150C"
"Establecimiento","ESCUELA 231","NE.11.1150C.1"
"Mesa","1436","NE.11.1150C.1.1436"
"Localidad","Media Luna","NE.11.1160C"
"Establecimiento","ESCUELA 250","NE.11.1160C.1"
"Mesa","1437","NE.11.1160C.1.1437"
"Localidad","Chacaico Sur","NE.11.1170C"
"Establecimiento","ESCUELA 83","NE.11.1170C.1"
"Mesa","1438","NE.11.1170C.1.1438"
"Localidad","Las Coloradas","NE.11.16"
"Establecimiento","ESCUELA 88","NE.11.16.1"
"Mesa","1429","NE.11.16.1.1429"
"Mesa","1430","NE.11.16.1.1430"
"Mesa","1431","NE.11.16.1.1431"
"Mesa","1432","NE.11.16.1.1432"
"Mesa","7043","NE.11.16.1.7043"
"Localidad","Pilo Lil","NE.11.44"
"Establecimiento","ESCUELA 51","NE.11.44.1"
"Mesa","1439","NE.11.44.1.1439"
"Localidad","Villa Del Puente Picun Leufu","NE.11.49"
"Establecimiento","ESCUELA 81","NE.11.49.1"
"Mesa","1146","NE.11.49.1.1146"
"Mesa","1147","NE.11.49.1.1147"
"Mesa","1440","NE.11.49.1.1440"
"Departamento","Picun Leufu","NE.12"
"Localidad","Picun Leufu - Fuera de Radio","NE.12.1230C"
"Localidad","Picun Leufu","NE.12.23"
"Establecimiento","ESCUELA 349","NE.12.23.1"
"Mesa","1449","NE.12.23.1.1449"
"Mesa","1450","NE.12.23.1.1450"
"Mesa","1451","NE.12.23.1.1451"
"Mesa","1456","NE.12.23.1.1456"
"Mesa","7044","NE.12.23.1.7044"
"Establecimiento","GIMNASIO MUN. PICUN LEUFU","NE.12.23.2"
"Mesa","1441","NE.12.23.2.1441"
"Mesa","1442","NE.12.23.2.1442"
"Mesa","1443","NE.12.23.2.1443"
"Mesa","1444","NE.12.23.2.1444"
"Mesa","1445","NE.12.23.2.1445"
"Mesa","1446","NE.12.23.2.1446"
"Mesa","1447","NE.12.23.2.1447"
"Mesa","1448","NE.12.23.2.1448"
"Localidad","El Sauce","NE.12.41"
"Establecimiento","ESCUELA 129","NE.12.41.1"
"Mesa","1452","NE.12.41.1.1452"
"Mesa","1453","NE.12.41.1.1453"
"Localidad","Paso Aguerre","NE.12.42"
"Establecimiento","ESCUELA 228","NE.12.42.1"
"Mesa","1454","NE.12.42.1.1454"
"Mesa","1455","NE.12.42.1.1455"
"Departamento","Collon Cura","NE.13"
"Localidad","Piedra Del Aguila Fuera De","NE.13.1310C"
"Localidad","Carran Cura","NE.13.1330C"
"Establecimiento","ESCUELA 84","NE.13.1330C.1"
"Mesa","1470","NE.13.1330C.1.1470"
"Localidad","Sañico","NE.13.1340C"
"Establecimiento","ESCUELA 126","NE.13.1340C.1"
"Mesa","1471","NE.13.1340C.1.1471"
"Localidad","San Ignacio","NE.13.1350C"
"Establecimiento","ESCUELA 43","NE.13.1350C.1"
"Mesa","1472","NE.13.1350C.1.1472"
"Localidad","Zaina Yegua","NE.13.1360C"
"Establecimiento","ESCUELA 233","NE.13.1360C.1"
"Mesa","1473","NE.13.1360C.1.1473"
"Localidad","Piedra Del Aguila","NE.13.24"
"Establecimiento","ESCUELA 10","NE.13.24.1"
"Mesa","1465","NE.13.24.1.1465"
"Mesa","1466","NE.13.24.1.1466"
"Mesa","1467","NE.13.24.1.1467"
"Mesa","7045","NE.13.24.1.7045"
"Establecimiento","GIM. MUN. PIEDRA DEL AGUILA","NE.13.24.2"
"Mesa","1457","NE.13.24.2.1457"
"Mesa","1458","NE.13.24.2.1458"
"Mesa","1459","NE.13.24.2.1459"
"Mesa","1460","NE.13.24.2.1460"
"Mesa","1461","NE.13.24.2.1461"
"Mesa","1462","NE.13.24.2.1462"
"Mesa","1463","NE.13.24.2.1463"
"Mesa","1464","NE.13.24.2.1464"
"Localidad","Santo Tomas","NE.13.43"
"Establecimiento","ESCUELA 249","NE.13.43.1"
"Mesa","1468","NE.13.43.1.1468"
"Mesa","1469","NE.13.43.1.1469"
"Departamento","Huiliches","NE.14"
"Localidad","Huechulafquen","NE.14.1410C"
"Establecimiento","ESCUELA 252","NE.14.1410C.1"
"Mesa","1514","NE.14.1410C.1.1514"
"Localidad","Chiuquilihuin","NE.14.1420C"
"Establecimiento","ESCUELA 222","NE.14.1420C.1"
"Mesa","1515","NE.14.1420C.1.1515"
"Localidad","Aucapan","NE.14.1430C"
"Establecimiento","ESCUELA 213","NE.14.1430C.1"
"Mesa","1516","NE.14.1430C.1.1516"
"Mesa","1517","NE.14.1430C.1.1517"
"Localidad","Atreuco","NE.14.1440C"
"Establecimiento","ESCUELA 259","NE.14.1440C.1"
"Mesa","1518","NE.14.1440C.1.1518"
"Localidad","Pampa Del Malleo","NE.14.1450C"
"Establecimiento","C.P.E.M 86","NE.14.1450C.1"
"Mesa","1519","NE.14.1450C.1.1519"
"Mesa","1520","NE.14.1450C.1.1520"
"Localidad","Junin De Los Andes","NE.14.15"
"Establecimiento","ESCUELA 153","NE.14.15.1"
"Mesa","1503","NE.14.15.1.1503"
"Mesa","1504","NE.14.15.1.1504"
"Mesa","1505","NE.14.15.1.1505"
"Mesa","1506","NE.14.15.1.1506"
"Mesa","1507","NE.14.15.1.1507"
"Mesa","1508","NE.14.15.1.1508"
"Establecimiento","ESCUELA 7","NE.14.15.2"
"Mesa","1498","NE.14.15.2.1498"
"Mesa","1499","NE.14.15.2.1499"
"Mesa","1500","NE.14.15.2.1500"
"Mesa","1501","NE.14.15.2.1501"
"Mesa","1502","NE.14.15.2.1502"
"Establecimiento","E.P.E.T. 4","NE.14.15.3"
"Mesa","1474","NE.14.15.3.1474"
"Mesa","1475","NE.14.15.3.1475"
"Mesa","1476","NE.14.15.3.1476"
"Mesa","1477","NE.14.15.3.1477"
"Mesa","1478","NE.14.15.3.1478"
"Establecimiento","ESCUELA 187","NE.14.15.4"
"Mesa","1479","NE.14.15.4.1479"
"Mesa","1480","NE.14.15.4.1480"
"Mesa","1481","NE.14.15.4.1481"
"Mesa","1482","NE.14.15.4.1482"
"Mesa","1483","NE.14.15.4.1483"
"Mesa","1484","NE.14.15.4.1484"
"Mesa","1485","NE.14.15.4.1485"
"Mesa","1486","NE.14.15.4.1486"
"Mesa","1487","NE.14.15.4.1487"
"Establecimiento","GIMNASIO MUNICIPAL CEF 8","NE.14.15.5"
"Mesa","1488","NE.14.15.5.1488"
"Mesa","1489","NE.14.15.5.1489"
"Mesa","1490","NE.14.15.5.1490"
"Mesa","1491","NE.14.15.5.1491"
"Mesa","1492","NE.14.15.5.1492"
"Mesa","1493","NE.14.15.5.1493"
"Mesa","1494","NE.14.15.5.1494"
"Mesa","1495","NE.14.15.5.1495"
"Mesa","1496","NE.14.15.5.1496"
"Mesa","1497","NE.14.15.5.1497"
"Establecimiento","I.F.D. 8","NE.14.15.6"
"Mesa","1509","NE.14.15.6.1509"
"Mesa","1510","NE.14.15.6.1510"
"Mesa","1511","NE.14.15.6.1511"
"Mesa","1512","NE.14.15.6.1512"
"Mesa","1513","NE.14.15.6.1513"
"Mesa","7046","NE.14.15.6.7046"
"Departamento","Lacar","NE.15"
"Localidad","Trompul","NE.15.1520C"
"Establecimiento","ESCUELA 146","NE.15.1520C.1"
"Mesa","1614","NE.15.1520C.1.1614"
"Localidad","Hua Hum","NE.15.1530C"
"Establecimiento","MUSEO VAN DORSSER","NE.15.1530C.1"
"Mesa","1615","NE.15.1530C.1.1615"
"Localidad","Quila Quina","NE.15.1540C"
"Establecimiento","ESCUELA 33","NE.15.1540C.1"
"Mesa","1616","NE.15.1540C.1.1616"
"Localidad","Pil Pil","NE.15.1550C"
"Establecimiento","SALON COMUNITARIO COMUNIDAD CURRUHINCA","NE.15.1550C.1"
"Mesa","1617","NE.15.1550C.1.1617"
"Localidad","Lago Hermoso","NE.15.1560C"
"Establecimiento","ESCUELA 48","NE.15.1560C.1"
"Mesa","1618","NE.15.1560C.1.1618"
"Localidad","Lago Meliquina","NE.15.1570C"
"Establecimiento","ESCUELA 117","NE.15.1570C.1"
"Mesa","1619","NE.15.1570C.1.1619"
"Localidad","Chapelco Grande","NE.15.1580C"
"Establecimiento","AEROPUERTO CHAPELCO","NE.15.1580C.1"
"Mesa","1620","NE.15.1580C.1.1620"
"Localidad","Quemquemtreu","NE.15.1590C"
"Localidad","San Martin De Los Andes","NE.15.28"
"Establecimiento","ESCUELA 5","NE.15.28.1"
"Mesa","1521","NE.15.28.1.1521"
"Mesa","1522","NE.15.28.1.1522"
"Mesa","1523","NE.15.28.1.1523"
"Mesa","1524","NE.15.28.1.1524"
"Mesa","1525","NE.15.28.1.1525"
"Mesa","1526","NE.15.28.1.1526"
"Establecimiento","ESCUELA 359","NE.15.28.10"
"Mesa","1581","NE.15.28.10.1581"
"Mesa","1582","NE.15.28.10.1582"
"Mesa","1583","NE.15.28.10.1583"
"Mesa","1584","NE.15.28.10.1584"
"Mesa","1585","NE.15.28.10.1585"
"Mesa","1586","NE.15.28.10.1586"
"Establecimiento","ESCUELA 352","NE.15.28.11"
"Mesa","1567","NE.15.28.11.1567"
"Mesa","1568","NE.15.28.11.1568"
"Mesa","1569","NE.15.28.11.1569"
"Mesa","1570","NE.15.28.11.1570"
"Mesa","1571","NE.15.28.11.1571"
"Mesa","1572","NE.15.28.11.1572"
"Mesa","1573","NE.15.28.11.1573"
"Establecimiento","GIMNASIO CHANGO SORIA","NE.15.28.12"
"Mesa","1603","NE.15.28.12.1603"
"Mesa","1604","NE.15.28.12.1604"
"Mesa","1605","NE.15.28.12.1605"
"Mesa","1606","NE.15.28.12.1606"
"Mesa","1607","NE.15.28.12.1607"
"Mesa","1608","NE.15.28.12.1608"
"Mesa","1609","NE.15.28.12.1609"
"Mesa","1610","NE.15.28.12.1610"
"Mesa","1611","NE.15.28.12.1611"
"Establecimiento","ESCUELA 313","NE.15.28.13"
"Mesa","1587","NE.15.28.13.1587"
"Mesa","1588","NE.15.28.13.1588"
"Mesa","1589","NE.15.28.13.1589"
"Mesa","1590","NE.15.28.13.1590"
"Mesa","1591","NE.15.28.13.1591"
"Establecimiento","SAN PABLO APOSTOL","NE.15.28.14"
"Mesa","1592","NE.15.28.14.1592"
"Mesa","1593","NE.15.28.14.1593"
"Mesa","1594","NE.15.28.14.1594"
"Mesa","1595","NE.15.28.14.1595"
"Mesa","1596","NE.15.28.14.1596"
"Mesa","1612","NE.15.28.14.1612"
"Mesa","1613","NE.15.28.14.1613"
"Establecimiento","ESCUELA 179","NE.15.28.2"
"Mesa","1527","NE.15.28.2.1527"
"Mesa","1528","NE.15.28.2.1528"
"Mesa","1529","NE.15.28.2.1529"
"Mesa","1530","NE.15.28.2.1530"
"Mesa","1531","NE.15.28.2.1531"
"Mesa","1532","NE.15.28.2.1532"
"Establecimiento","ESCUELA 274","NE.15.28.3"
"Mesa","1556","NE.15.28.3.1556"
"Mesa","1557","NE.15.28.3.1557"
"Mesa","1558","NE.15.28.3.1558"
"Mesa","1559","NE.15.28.3.1559"
"Mesa","1560","NE.15.28.3.1560"
"Mesa","1561","NE.15.28.3.1561"
"Establecimiento","C.P.E.M. 13","NE.15.28.4"
"Mesa","1533","NE.15.28.4.1533"
"Mesa","1534","NE.15.28.4.1534"
"Mesa","1535","NE.15.28.4.1535"
"Mesa","1536","NE.15.28.4.1536"
"Mesa","1537","NE.15.28.4.1537"
"Mesa","7047","NE.15.28.4.7047"
"Mesa","7048","NE.15.28.4.7048"
"Establecimiento","ESCUELA 89","NE.15.28.5"
"Mesa","1538","NE.15.28.5.1538"
"Mesa","1539","NE.15.28.5.1539"
"Mesa","1540","NE.15.28.5.1540"
"Mesa","1541","NE.15.28.5.1541"
"Mesa","1542","NE.15.28.5.1542"
"Mesa","1543","NE.15.28.5.1543"
"Mesa","1544","NE.15.28.5.1544"
"Mesa","1545","NE.15.28.5.1545"
"Establecimiento","ESCUELA 134","NE.15.28.6"
"Mesa","1546","NE.15.28.6.1546"
"Mesa","1547","NE.15.28.6.1547"
"Mesa","1548","NE.15.28.6.1548"
"Mesa","1549","NE.15.28.6.1549"
"Mesa","1550","NE.15.28.6.1550"
"Mesa","1551","NE.15.28.6.1551"
"Mesa","1552","NE.15.28.6.1552"
"Mesa","1553","NE.15.28.6.1553"
"Mesa","1554","NE.15.28.6.1554"
"Mesa","1555","NE.15.28.6.1555"
"Establecimiento","C.P.E.M.28","NE.15.28.7"
"Mesa","1562","NE.15.28.7.1562"
"Mesa","1563","NE.15.28.7.1563"
"Mesa","1564","NE.15.28.7.1564"
"Mesa","1565","NE.15.28.7.1565"
"Mesa","1566","NE.15.28.7.1566"
"Establecimiento","ESCUELA 142","NE.15.28.8"
"Mesa","1597","NE.15.28.8.1597"
"Mesa","1598","NE.15.28.8.1598"
"Mesa","1599","NE.15.28.8.1599"
"Mesa","1600","NE.15.28.8.1600"
"Mesa","1601","NE.15.28.8.1601"
"Mesa","1602","NE.15.28.8.1602"
"Establecimiento","ESCUELA 188","NE.15.28.9"
"Mesa","1574","NE.15.28.9.1574"
"Mesa","1575","NE.15.28.9.1575"
"Mesa","1576","NE.15.28.9.1576"
"Mesa","1577","NE.15.28.9.1577"
"Mesa","1578","NE.15.28.9.1578"
"Mesa","1579","NE.15.28.9.1579"
"Mesa","1580","NE.15.28.9.1580"
"Departamento","Los Lagos","NE.16"
"Localidad","Villa Angostura - Fuera de Radio","NE.16.1610C"
"Localidad","Villa Traful - Fuera de Radio","NE.16.1630C"
"Localidad","La Lipela","NE.16.1640C"
"Establecimiento","ESCUELA 11","NE.16.1640C.1"
"Mesa","1621","NE.16.1640C.1.1621"
"Mesa","1662","NE.16.1640C.1.1662"
"Localidad","Paso Coihue","NE.16.1650C"
"Establecimiento","CAMPAMENTO PEUMAYEN","NE.16.1650C.1"
"Mesa","1663","NE.16.1650C.1.1663"
"Localidad","Villa La Angostura","NE.16.33"
"Establecimiento","ESCUELA 104","NE.16.33.1"
"Mesa","1632","NE.16.33.1.1632"
"Mesa","1633","NE.16.33.1.1633"
"Mesa","1634","NE.16.33.1.1634"
"Mesa","1635","NE.16.33.1.1635"
"Mesa","1636","NE.16.33.1.1636"
"Mesa","1637","NE.16.33.1.1637"
"Mesa","1638","NE.16.33.1.1638"
"Establecimiento","C.P.E.M.  68","NE.16.33.2"
"Mesa","1639","NE.16.33.2.1639"
"Mesa","1640","NE.16.33.2.1640"
"Mesa","1641","NE.16.33.2.1641"
"Mesa","1642","NE.16.33.2.1642"
"Mesa","1643","NE.16.33.2.1643"
"Mesa","1644","NE.16.33.2.1644"
"Mesa","1645","NE.16.33.2.1645"
"Establecimiento","ESCUELA 353","NE.16.33.3"
"Mesa","1646","NE.16.33.3.1646"
"Mesa","1647","NE.16.33.3.1647"
"Mesa","1648","NE.16.33.3.1648"
"Mesa","1649","NE.16.33.3.1649"
"Mesa","1650","NE.16.33.3.1650"
"Mesa","1651","NE.16.33.3.1651"
"Mesa","1658","NE.16.33.3.1658"
"Establecimiento","GIMNASIO ENRIQUE BARBAGELATTA  CEF 7","NE.16.33.4"
"Mesa","1622","NE.16.33.4.1622"
"Mesa","1623","NE.16.33.4.1623"
"Mesa","1624","NE.16.33.4.1624"
"Mesa","1625","NE.16.33.4.1625"
"Mesa","1626","NE.16.33.4.1626"
"Mesa","1627","NE.16.33.4.1627"
"Mesa","1628","NE.16.33.4.1628"
"Mesa","1629","NE.16.33.4.1629"
"Mesa","1630","NE.16.33.4.1630"
"Mesa","1631","NE.16.33.4.1631"
"Establecimiento","ESCUELA 186","NE.16.33.5"
"Mesa","1652","NE.16.33.5.1652"
"Mesa","1653","NE.16.33.5.1653"
"Mesa","1654","NE.16.33.5.1654"
"Mesa","1655","NE.16.33.5.1655"
"Mesa","1656","NE.16.33.5.1656"
"Mesa","1657","NE.16.33.5.1657"
"Localidad","Villa Traful","NE.16.45"
"Establecimiento","ESCUELA 111","NE.16.45.1"
"Mesa","1659","NE.16.45.1.1659"
"Mesa","1660","NE.16.45.1.1660"
"Mesa","1661","NE.16.45.1.1661"
"Mesa","7049","NE.16.45.1.7049"
"Departamento","Zapala","NE.2"
"Localidad","Mariano Moreno","NE.2.21"
"Establecimiento","ESCUELA 135","NE.2.21.1"
"Mesa","1132","NE.2.21.1.1132"
"Mesa","1133","NE.2.21.1.1133"
"Mesa","1134","NE.2.21.1.1134"
"Mesa","1135","NE.2.21.1.1135"
"Establecimiento","C.P.E.M. 37","NE.2.21.2"
"Mesa","1136","NE.2.21.2.1136"
"Mesa","1137","NE.2.21.2.1137"
"Mesa","1138","NE.2.21.2.1138"
"Mesa","1139","NE.2.21.2.1139"
"Mesa","7020","NE.2.21.2.7020"
"Localidad","Ramon Castro - Fuera de Radio","NE.2.255C"
"Localidad","Barda Negra","NE.2.260C"
"Establecimiento","ESCUELA 215","NE.2.260C.1"
"Mesa","1145","NE.2.260C.1.1145"
"Localidad","Bajada Los Molles","NE.2.280C"
"Localidad","Laguna Blanca","NE.2.290C"
"Establecimiento","ESCUELA 217","NE.2.290C.1"
"Mesa","1148","NE.2.290C.1.1148"
"Localidad","Zapala","NE.2.36"
"Establecimiento","ESCUELA 218","NE.2.36.1"
"Mesa","1131","NE.2.36.1.1131"
"Establecimiento","E.P.E.T. 11","NE.2.36.10"
"Mesa","1058","NE.2.36.10.1058"
"Mesa","1059","NE.2.36.10.1059"
"Mesa","1060","NE.2.36.10.1060"
"Mesa","1061","NE.2.36.10.1061"
"Mesa","1062","NE.2.36.10.1062"
"Mesa","1063","NE.2.36.10.1063"
"Mesa","1064","NE.2.36.10.1064"
"Mesa","1065","NE.2.36.10.1065"
"Establecimiento","ESCUELA 12","NE.2.36.11"
"Mesa","1104","NE.2.36.11.1104"
"Mesa","1105","NE.2.36.11.1105"
"Mesa","1106","NE.2.36.11.1106"
"Mesa","1107","NE.2.36.11.1107"
"Mesa","1108","NE.2.36.11.1108"
"Mesa","1109","NE.2.36.11.1109"
"Establecimiento","PALACIO MUNICIPAL","NE.2.36.12"
"Mesa","7018","NE.2.36.12.7018"
"Mesa","7019","NE.2.36.12.7019"
"Establecimiento","C.P.E.M. 3","NE.2.36.13"
"Mesa","1072","NE.2.36.13.1072"
"Mesa","1073","NE.2.36.13.1073"
"Mesa","1074","NE.2.36.13.1074"
"Mesa","1075","NE.2.36.13.1075"
"Mesa","1076","NE.2.36.13.1076"
"Mesa","1077","NE.2.36.13.1077"
"Mesa","1078","NE.2.36.13.1078"
"Mesa","1079","NE.2.36.13.1079"
"Establecimiento","ESCUELA 307","NE.2.36.14"
"Mesa","1110","NE.2.36.14.1110"
"Mesa","1111","NE.2.36.14.1111"
"Mesa","1112","NE.2.36.14.1112"
"Mesa","1113","NE.2.36.14.1113"
"Mesa","1114","NE.2.36.14.1114"
"Establecimiento","E.P.E.T. 15","NE.2.36.15"
"Mesa","1115","NE.2.36.15.1115"
"Mesa","1116","NE.2.36.15.1116"
"Mesa","1117","NE.2.36.15.1117"
"Mesa","1118","NE.2.36.15.1118"
"Mesa","1119","NE.2.36.15.1119"
"Mesa","1120","NE.2.36.15.1120"
"Establecimiento","GIMNASIO MUNICIPAL ZAPALA","NE.2.36.16"
"Mesa","1121","NE.2.36.16.1121"
"Mesa","1122","NE.2.36.16.1122"
"Mesa","1123","NE.2.36.16.1123"
"Mesa","1124","NE.2.36.16.1124"
"Mesa","1125","NE.2.36.16.1125"
"Mesa","1126","NE.2.36.16.1126"
"Mesa","1127","NE.2.36.16.1127"
"Mesa","1128","NE.2.36.16.1128"
"Mesa","1129","NE.2.36.16.1129"
"Mesa","1130","NE.2.36.16.1130"
"Establecimiento","ESCUELA 326","NE.2.36.2"
"Mesa","1043","NE.2.36.2.1043"
"Mesa","1044","NE.2.36.2.1044"
"Mesa","1045","NE.2.36.2.1045"
"Mesa","1046","NE.2.36.2.1046"
"Mesa","1047","NE.2.36.2.1047"
"Establecimiento","ESCUELA 114","NE.2.36.3"
"Mesa","1052","NE.2.36.3.1052"
"Mesa","1053","NE.2.36.3.1053"
"Mesa","1054","NE.2.36.3.1054"
"Mesa","1055","NE.2.36.3.1055"
"Mesa","1056","NE.2.36.3.1056"
"Mesa","1057","NE.2.36.3.1057"
"Establecimiento","ESCUELA ESPECIAL 5","NE.2.36.4"
"Mesa","1080","NE.2.36.4.1080"
"Mesa","1081","NE.2.36.4.1081"
"Mesa","1082","NE.2.36.4.1082"
"Mesa","1083","NE.2.36.4.1083"
"Mesa","1084","NE.2.36.4.1084"
"Mesa","1085","NE.2.36.4.1085"
"Establecimiento","ESCUELA 3","NE.2.36.5"
"Mesa","1086","NE.2.36.5.1086"
"Mesa","1087","NE.2.36.5.1087"
"Mesa","1088","NE.2.36.5.1088"
"Mesa","1089","NE.2.36.5.1089"
"Mesa","1090","NE.2.36.5.1090"
"Mesa","1091","NE.2.36.5.1091"
"Mesa","1092","NE.2.36.5.1092"
"Establecimiento","ESCUELA 148","NE.2.36.6"
"Mesa","1093","NE.2.36.6.1093"
"Mesa","1094","NE.2.36.6.1094"
"Mesa","1095","NE.2.36.6.1095"
"Mesa","1096","NE.2.36.6.1096"
"Mesa","1097","NE.2.36.6.1097"
"Mesa","1098","NE.2.36.6.1098"
"Establecimiento","ESCUELA 185","NE.2.36.7"
"Mesa","1099","NE.2.36.7.1099"
"Mesa","1100","NE.2.36.7.1100"
"Mesa","1101","NE.2.36.7.1101"
"Mesa","1102","NE.2.36.7.1102"
"Mesa","1103","NE.2.36.7.1103"
"Establecimiento","ESCUELA 257","NE.2.36.8"
"Mesa","1048","NE.2.36.8.1048"
"Mesa","1049","NE.2.36.8.1049"
"Mesa","1050","NE.2.36.8.1050"
"Mesa","1051","NE.2.36.8.1051"
"Establecimiento","ESCUELA 156","NE.2.36.9"
"Mesa","1066","NE.2.36.9.1066"
"Mesa","1067","NE.2.36.9.1067"
"Mesa","1068","NE.2.36.9.1068"
"Mesa","1069","NE.2.36.9.1069"
"Mesa","1070","NE.2.36.9.1070"
"Mesa","1071","NE.2.36.9.1071"
"Localidad","Los Catutos","NE.2.46"
"Establecimiento","ESCUELA 37","NE.2.46.1"
"Mesa","1140","NE.2.46.1.1140"
"Mesa","1141","NE.2.46.1.1141"
"Localidad","Covunco Abajo","NE.2.47"
"Establecimiento","ESCUELA 87","NE.2.47.1"
"Mesa","1142","NE.2.47.1.1142"
"Mesa","7021","NE.2.47.1.7021"
"Localidad","Ramon Castro","NE.2.48"
"Establecimiento","ESCUELA 8","NE.2.48.1"
"Mesa","1143","NE.2.48.1.1143"
"Mesa","1144","NE.2.48.1.1144"
"Departamento","Añelo","NE.3"
"Localidad","San Patricio Del Chañar","NE.3.29"
"Establecimiento","ESCUELA 273","NE.3.29.1"
"Mesa","1149","NE.3.29.1.1149"
"Mesa","1150","NE.3.29.1.1150"
"Mesa","1151","NE.3.29.1.1151"
"Mesa","1152","NE.3.29.1.1152"
"Mesa","1153","NE.3.29.1.1153"
"Mesa","1154","NE.3.29.1.1154"
"Mesa","1155","NE.3.29.1.1155"
"Establecimiento","ESCUELA 191","NE.3.29.2"
"Mesa","1156","NE.3.29.2.1156"
"Mesa","1157","NE.3.29.2.1157"
"Mesa","1158","NE.3.29.2.1158"
"Mesa","1159","NE.3.29.2.1159"
"Mesa","1160","NE.3.29.2.1160"
"Mesa","1161","NE.3.29.2.1161"
"Mesa","1162","NE.3.29.2.1162"
"Establecimiento","C.P.E.M 31","NE.3.29.3"
"Mesa","1163","NE.3.29.3.1163"
"Mesa","1164","NE.3.29.3.1164"
"Mesa","1165","NE.3.29.3.1165"
"Mesa","1166","NE.3.29.3.1166"
"Mesa","7022","NE.3.29.3.7022"
"Mesa","7023","NE.3.29.3.7023"
"Establecimiento","ESCUELA 342","NE.3.29.4"
"Mesa","1167","NE.3.29.4.1167"
"Mesa","1168","NE.3.29.4.1168"
"Mesa","1169","NE.3.29.4.1169"
"Mesa","1170","NE.3.29.4.1170"
"Mesa","1171","NE.3.29.4.1171"
"Mesa","1172","NE.3.29.4.1172"
"Localidad","Añelo","NE.3.3"
"Establecimiento","ESCUELA 100","NE.3.3.1"
"Mesa","1173","NE.3.3.1.1173"
"Mesa","1174","NE.3.3.1.1174"
"Mesa","1175","NE.3.3.1.1175"
"Mesa","1176","NE.3.3.1.1176"
"Mesa","1177","NE.3.3.1.1177"
"Mesa","1192","NE.3.3.1.1192"
"Establecimiento","ESCUELA 350","NE.3.3.2"
"Mesa","1178","NE.3.3.2.1178"
"Mesa","1179","NE.3.3.2.1179"
"Mesa","1180","NE.3.3.2.1180"
"Mesa","1181","NE.3.3.2.1181"
"Mesa","7024","NE.3.3.2.7024"
"Establecimiento","POLIDAPORTIVO MUNICIPAL AÑELO","NE.3.3.3"
"Mesa","1182","NE.3.3.3.1182"
"Mesa","1183","NE.3.3.3.1183"
"Mesa","1184","NE.3.3.3.1184"
"Mesa","1185","NE.3.3.3.1185"
"Mesa","1186","NE.3.3.3.1186"
"Establecimiento","C.P.E.M 39","NE.3.3.4"
"Mesa","1187","NE.3.3.4.1187"
"Mesa","1188","NE.3.3.4.1188"
"Mesa","1189","NE.3.3.4.1189"
"Mesa","1190","NE.3.3.4.1190"
"Mesa","1191","NE.3.3.4.1191"
"Localidad","Añelo - Fuera de Radio","NE.3.320C"
"Localidad","Aguada San Roque","NE.3.38"
"Establecimiento","C.P.E.M 98 ANEXO AGUADA SAN ROQUE","NE.3.38.1"
"Mesa","1193","NE.3.38.1.1193"
"Localidad","Los Chihuidos","NE.3.39"
"Establecimiento","ALBERGUE 264","NE.3.39.1"
"Mesa","1194","NE.3.39.1.1194"
"Departamento","Pehuenches","NE.4"
"Localidad","Rincon De Los Sauces","NE.4.27"
"Establecimiento","ESCUELA 238","NE.4.27.1"
"Mesa","1195","NE.4.27.1.1195"
"Mesa","1196","NE.4.27.1.1196"
"Mesa","1197","NE.4.27.1.1197"
"Mesa","1198","NE.4.27.1.1198"
"Mesa","1199","NE.4.27.1.1199"
"Establecimiento","ESCUELA 300","NE.4.27.2"
"Mesa","1200","NE.4.27.2.1200"
"Mesa","1201","NE.4.27.2.1201"
"Mesa","1202","NE.4.27.2.1202"
"Mesa","1203","NE.4.27.2.1203"
"Mesa","1204","NE.4.27.2.1204"
"Mesa","1205","NE.4.27.2.1205"
"Establecimiento","ESCUELA 335","NE.4.27.3"
"Mesa","1216","NE.4.27.3.1216"
"Mesa","1217","NE.4.27.3.1217"
"Mesa","1218","NE.4.27.3.1218"
"Mesa","1219","NE.4.27.3.1219"
"Mesa","1220","NE.4.27.3.1220"
"Establecimiento","C.P.E.M. 24","NE.4.27.4"
"Mesa","1206","NE.4.27.4.1206"
"Mesa","1207","NE.4.27.4.1207"
"Mesa","1208","NE.4.27.4.1208"
"Mesa","1209","NE.4.27.4.1209"
"Mesa","1210","NE.4.27.4.1210"
"Mesa","1211","NE.4.27.4.1211"
"Mesa","1212","NE.4.27.4.1212"
"Mesa","1213","NE.4.27.4.1213"
"Mesa","1214","NE.4.27.4.1214"
"Mesa","1215","NE.4.27.4.1215"
"Establecimiento","SAF MUNICIPAL CIUDAD DEPORTVA","NE.4.27.5"
"Mesa","1221","NE.4.27.5.1221"
"Mesa","1222","NE.4.27.5.1222"
"Mesa","1223","NE.4.27.5.1223"
"Mesa","1224","NE.4.27.5.1224"
"Mesa","1225","NE.4.27.5.1225"
"Mesa","1226","NE.4.27.5.1226"
"Mesa","1227","NE.4.27.5.1227"
"Mesa","1228","NE.4.27.5.1228"
"Mesa","1229","NE.4.27.5.1229"
"Mesa","1230","NE.4.27.5.1230"
"Establecimiento","POLIDEPORTIVO MUNICIPAL RDLS","NE.4.27.6"
"Mesa","1231","NE.4.27.6.1231"
"Mesa","1232","NE.4.27.6.1232"
"Mesa","1233","NE.4.27.6.1233"
"Mesa","1234","NE.4.27.6.1234"
"Mesa","1235","NE.4.27.6.1235"
"Mesa","1236","NE.4.27.6.1236"
"Mesa","1237","NE.4.27.6.1237"
"Mesa","1238","NE.4.27.6.1238"
"Mesa","1239","NE.4.27.6.1239"
"Mesa","1240","NE.4.27.6.1240"
"Establecimiento","ESCUELA 314","NE.4.27.7"
"Mesa","1241","NE.4.27.7.1241"
"Mesa","1242","NE.4.27.7.1242"
"Mesa","1243","NE.4.27.7.1243"
"Mesa","1244","NE.4.27.7.1244"
"Mesa","1245","NE.4.27.7.1245"
"Mesa","1246","NE.4.27.7.1246"
"Localidad","Octavio Pico","NE.4.40"
"Establecimiento","SALON DE USO COMUNITARIO","NE.4.40.1"
"Mesa","1247","NE.4.40.1.1247"
"Localidad","Huantraico","NE.4.420C"
"Establecimiento","ESCUELA 173","NE.4.420C.1"
"Mesa","1248","NE.4.420C.1.1248"
"Localidad","Barrancas","NE.4.5"
"Establecimiento","C.P.E.M 81","NE.4.5.1"
"Mesa","1258","NE.4.5.1.1258"
"Mesa","1259","NE.4.5.1.1259"
"Mesa","1260","NE.4.5.1.1260"
"Mesa","1261","NE.4.5.1.1261"
"Mesa","7026","NE.4.5.1.7026"
"Localidad","Buta Ranquil","NE.4.6"
"Establecimiento","ESCUELA 251","NE.4.6.1"
"Mesa","1249","NE.4.6.1.1249"
"Establecimiento","POLIDEPORTIVO MUNICIPAL BUTA RANQUIL","NE.4.6.2"
"Mesa","1250","NE.4.6.2.1250"
"Mesa","1251","NE.4.6.2.1251"
"Mesa","1252","NE.4.6.2.1252"
"Mesa","1253","NE.4.6.2.1253"
"Mesa","1254","NE.4.6.2.1254"
"Mesa","1255","NE.4.6.2.1255"
"Mesa","1256","NE.4.6.2.1256"
"Mesa","1257","NE.4.6.2.1257"
"Mesa","7025","NE.4.6.2.7025"
"Departamento","Chos Malal","NE.5"
"Localidad","Tricao Malal","NE.5.32"
"Establecimiento","ESCUELA 24","NE.5.32.1"
"Mesa","1299","NE.5.32.1.1299"
"Mesa","1300","NE.5.32.1.1300"
"Mesa","1301","NE.5.32.1.1301"
"Mesa","7028","NE.5.32.1.7028"
"Localidad","Chos Malal - Fuera de Radio","NE.5.510C"
"Establecimiento","ESCUELA 66","NE.5.510C.1"
"Mesa","1296","NE.5.510C.1.1296"
"Localidad","Villa Curi Leuvu","NE.5.52"
"Establecimiento","ESCUELA 77","NE.5.52.1"
"Mesa","1297","NE.5.52.1.1297"
"Establecimiento","ESCUELA 331","NE.5.52.2"
"Mesa","1298","NE.5.52.2.1298"
"Localidad","Coyuco-Cochico","NE.5.53"
"Establecimiento","ESCUELA 210","NE.5.53.1"
"Mesa","1304","NE.5.53.1.1304"
"Establecimiento","ESCUELA 310","NE.5.53.2"
"Mesa","1305","NE.5.53.2.1305"
"Localidad","Chapua","NE.5.550C"
"Establecimiento","ESCUELA 96","NE.5.550C.1"
"Mesa","1302","NE.5.550C.1.1302"
"Localidad","Cajon Del Curi Leuvu","NE.5.560C"
"Establecimiento","ESCUELA 79","NE.5.560C.1"
"Mesa","1303","NE.5.560C.1.1303"
"Localidad","Chos Malal","NE.5.9"
"Establecimiento","C.P.E.M. 4","NE.5.9.1"
"Mesa","1262","NE.5.9.1.1262"
"Mesa","1263","NE.5.9.1.1263"
"Mesa","1264","NE.5.9.1.1264"
"Mesa","1265","NE.5.9.1.1265"
"Mesa","1266","NE.5.9.1.1266"
"Mesa","1267","NE.5.9.1.1267"
"Mesa","1268","NE.5.9.1.1268"
"Mesa","1269","NE.5.9.1.1269"
"Mesa","1270","NE.5.9.1.1270"
"Mesa","1271","NE.5.9.1.1271"
"Establecimiento","ESCUELA 327","NE.5.9.2"
"Mesa","1272","NE.5.9.2.1272"
"Mesa","1273","NE.5.9.2.1273"
"Mesa","1274","NE.5.9.2.1274"
"Mesa","1275","NE.5.9.2.1275"
"Mesa","1276","NE.5.9.2.1276"
"Mesa","1277","NE.5.9.2.1277"
"Mesa","7027","NE.5.9.2.7027"
"Establecimiento","E.P.E.T. 13","NE.5.9.3"
"Mesa","1287","NE.5.9.3.1287"
"Mesa","1288","NE.5.9.3.1288"
"Mesa","1289","NE.5.9.3.1289"
"Mesa","1290","NE.5.9.3.1290"
"Mesa","1291","NE.5.9.3.1291"
"Mesa","1292","NE.5.9.3.1292"
"Mesa","1293","NE.5.9.3.1293"
"Mesa","1294","NE.5.9.3.1294"
"Mesa","1295","NE.5.9.3.1295"
"Establecimiento","C.P.E.M 80","NE.5.9.4"
"Mesa","1278","NE.5.9.4.1278"
"Mesa","1279","NE.5.9.4.1279"
"Mesa","1280","NE.5.9.4.1280"
"Mesa","1281","NE.5.9.4.1281"
"Mesa","1282","NE.5.9.4.1282"
"Mesa","1283","NE.5.9.4.1283"
"Mesa","1284","NE.5.9.4.1284"
"Mesa","1285","NE.5.9.4.1285"
"Mesa","1286","NE.5.9.4.1286"
"Departamento","Minas","NE.6"
"Localidad","Huinganco","NE.6.14"
"Establecimiento","ESCUELA 76","NE.6.14.1"
"Mesa","1321","NE.6.14.1.1321"
"Mesa","1322","NE.6.14.1.1322"
"Mesa","1323","NE.6.14.1.1323"
"Mesa","7031","NE.6.14.1.7031"
"Establecimiento","ESCUELA 246","NE.6.14.2"
"Mesa","1324","NE.6.14.2.1324"
"Localidad","Las Ovejas","NE.6.18"
"Establecimiento","ESCUELA 30","NE.6.18.1"
"Mesa","1325","NE.6.18.1.1325"
"Mesa","1326","NE.6.18.1.1326"
"Mesa","1327","NE.6.18.1.1327"
"Mesa","1328","NE.6.18.1.1328"
"Mesa","7032","NE.6.18.1.7032"
"Localidad","Andacollo","NE.6.2"
"Establecimiento","C.P.E.M. 11","NE.6.2.1"
"Mesa","1306","NE.6.2.1.1306"
"Mesa","1307","NE.6.2.1.1307"
"Mesa","1308","NE.6.2.1.1308"
"Mesa","1309","NE.6.2.1.1309"
"Mesa","1310","NE.6.2.1.1310"
"Mesa","1311","NE.6.2.1.1311"
"Mesa","1312","NE.6.2.1.1312"
"Mesa","1313","NE.6.2.1.1313"
"Mesa","1314","NE.6.2.1.1314"
"Mesa","7029","NE.6.2.1.7029"
"Localidad","Los Miches","NE.6.20"
"Establecimiento","ESCUELA 93","NE.6.20.1"
"Mesa","1317","NE.6.20.1.1317"
"Mesa","1318","NE.6.20.1.1318"
"Mesa","7030","NE.6.20.1.7030"
"Localidad","Guañacos","NE.6.54"
"Establecimiento","ESCUELA 262","NE.6.54.1"
"Mesa","1315","NE.6.54.1.1315"
"Mesa","1316","NE.6.54.1.1316"
"Localidad","Villa Del Nahueve","NE.6.55"
"Establecimiento","ESCUELA 18","NE.6.55.1"
"Mesa","1319","NE.6.55.1.1319"
"Mesa","1320","NE.6.55.1.1320"
"Localidad","Varvarco-Invernada Vieja","NE.6.56"
"Establecimiento","ESCUELA 206","NE.6.56.1"
"Mesa","1329","NE.6.56.1.1329"
"Mesa","1330","NE.6.56.1.1330"
"Localidad","Manzano Amargo","NE.6.57"
"Establecimiento","ESCUELA 253","NE.6.57.1"
"Mesa","1331","NE.6.57.1.1331"
"Mesa","1332","NE.6.57.1.1332"
"Departamento","Ñorquin","NE.7"
"Localidad","El Cholar","NE.7.12"
"Establecimiento","ESCUELA 31","NE.7.12.1"
"Mesa","1338","NE.7.12.1.1338"
"Mesa","1339","NE.7.12.1.1339"
"Mesa","1340","NE.7.12.1.1340"
"Mesa","1341","NE.7.12.1.1341"
"Localidad","El Huecu","NE.7.13"
"Establecimiento","GIMNASIO MUNICIPAL EL HUECU","NE.7.13.1"
"Mesa","1333","NE.7.13.1.1333"
"Mesa","1334","NE.7.13.1.1334"
"Mesa","1335","NE.7.13.1.1335"
"Mesa","1336","NE.7.13.1.1336"
"Mesa","1337","NE.7.13.1.1337"
"Mesa","1353","NE.7.13.1.1353"
"Mesa","7033","NE.7.13.1.7033"
"Localidad","Taquimilan","NE.7.31"
"Establecimiento","ESCUELA 112","NE.7.31.1"
"Mesa","1345","NE.7.31.1.1345"
"Mesa","1346","NE.7.31.1.1346"
"Mesa","1347","NE.7.31.1.1347"
"Mesa","7035","NE.7.31.1.7035"
"Establecimiento","ESCUELA 17","NE.7.31.2"
"Mesa","1348","NE.7.31.2.1348"
"Localidad","Caviahue-Copahue","NE.7.7"
"Establecimiento","ESCUELA 164","NE.7.7.1"
"Mesa","1342","NE.7.7.1.1342"
"Mesa","1343","NE.7.7.1.1343"
"Mesa","1344","NE.7.7.1.1344"
"Mesa","7034","NE.7.7.1.7034"
"Localidad","El Huecu - Fuera de Radio","NE.7.710C"
"Localidad","El Cholar - Fuera de Radio","NE.7.730C"
"Localidad","Tres Chorros","NE.7.770C"
"Establecimiento","ESCUELA 71","NE.7.770C.1"
"Mesa","1349","NE.7.770C.1.1349"
"Localidad","Naunauco","NE.7.780C"
"Establecimiento","ESCUELA ALB.70","NE.7.780C.1"
"Mesa","1350","NE.7.780C.1.1350"
"Localidad","Tralaitue","NE.7.785C"
"Establecimiento","ESCUELA 78","NE.7.785C.1"
"Mesa","1351","NE.7.785C.1.1351"
"Localidad","Colipilli","NE.7.790C"
"Establecimiento","ESCUELA 68","NE.7.790C.1"
"Mesa","1352","NE.7.790C.1.1352"
"Localidad","Ranquilon","NE.7.795C"
"Departamento","Loncopue","NE.8"
"Localidad","Loncopue","NE.8.19"
"Establecimiento","GIMNASIO MUNICIPAL LONCOPUE","NE.8.19.1"
"Mesa","1354","NE.8.19.1.1354"
"Mesa","1355","NE.8.19.1.1355"
"Mesa","1356","NE.8.19.1.1356"
"Mesa","1357","NE.8.19.1.1357"
"Mesa","1358","NE.8.19.1.1358"
"Mesa","1359","NE.8.19.1.1359"
"Mesa","1360","NE.8.19.1.1360"
"Mesa","1361","NE.8.19.1.1361"
"Mesa","1362","NE.8.19.1.1362"
"Mesa","1363","NE.8.19.1.1363"
"Establecimiento","C.P.E.M 10","NE.8.19.2"
"Mesa","1364","NE.8.19.2.1364"
"Mesa","1365","NE.8.19.2.1365"
"Mesa","1366","NE.8.19.2.1366"
"Mesa","1367","NE.8.19.2.1367"
"Mesa","1368","NE.8.19.2.1368"
"Mesa","7036","NE.8.19.2.7036"
"Localidad","Chorriaca","NE.8.51"
"Establecimiento","POLIDEPORTIVO CHORRIACA","NE.8.51.1"
"Mesa","1372","NE.8.51.1.1372"
"Mesa","1373","NE.8.51.1.1373"
"Localidad","Loncopue - Fuera de Radio","NE.8.810C"
"Localidad","Cajon De Almaza","NE.8.820C"
"Establecimiento","ESCUELA 35","NE.8.820C.1"
"Mesa","1369","NE.8.820C.1.1369"
"Localidad","Huncal","NE.8.830C"
"Establecimiento","ESCUELA 6","NE.8.830C.1"
"Mesa","1370","NE.8.830C.1.1370"
"Mesa","1371","NE.8.830C.1.1371"
"Localidad","Quintuco","NE.8.850C"
"Establecimiento","ESCUELA 216","NE.8.850C.1"
"Mesa","1374","NE.8.850C.1.1374"
"Localidad","Huarenchenque","NE.8.860C"
"Establecimiento","ESCUELA 333","NE.8.860C.1"
"Mesa","1375","NE.8.860C.1.1375"
"Departamento","Picunches","NE.9"
"Localidad","Las Lajas","NE.9.17"
"Establecimiento","C.P.E.M. 5","NE.9.17.1"
"Mesa","1376","NE.9.17.1.1376"
"Mesa","1377","NE.9.17.1.1377"
"Mesa","1378","NE.9.17.1.1378"
"Mesa","1379","NE.9.17.1.1379"
"Mesa","1380","NE.9.17.1.1380"
"Mesa","1398","NE.9.17.1.1398"
"Mesa","7037","NE.9.17.1.7037"
"Establecimiento","ESCUELA 170","NE.9.17.2"
"Mesa","1381","NE.9.17.2.1381"
"Mesa","1382","NE.9.17.2.1382"
"Mesa","1383","NE.9.17.2.1383"
"Mesa","1384","NE.9.17.2.1384"
"Mesa","1385","NE.9.17.2.1385"
"Mesa","1386","NE.9.17.2.1386"
"Establecimiento","JARDIN 19","NE.9.17.3"
"Mesa","1387","NE.9.17.3.1387"
"Mesa","1388","NE.9.17.3.1388"
"Mesa","1389","NE.9.17.3.1389"
"Mesa","1390","NE.9.17.3.1390"
"Localidad","Bajada Del Agrio","NE.9.4"
"Establecimiento","ESCUELA 171","NE.9.4.1"
"Mesa","1392","NE.9.4.1.1392"
"Mesa","1393","NE.9.4.1.1393"
"Mesa","1394","NE.9.4.1.1394"
"Mesa","7038","NE.9.4.1.7038"
"Localidad","Quili Malal","NE.9.50"
"Establecimiento","ESCUELA 14","NE.9.50.1"
"Mesa","1395","NE.9.50.1.1395"
"Mesa","7039","NE.9.50.1.7039"
"Localidad","Las Lajas - Fuera de Radio","NE.9.910C"
"Establecimiento","ESCUELA 224","NE.9.910C.1"
"Mesa","1391","NE.9.910C.1.1391"
"Localidad","Mallin De Los Caballos","NE.9.940C"
"Establecimiento","ESCUELA 75","NE.9.940C.1"
"Mesa","1396","NE.9.940C.1.1396"
"Localidad","Los Alazanes","NE.9.950C"
"Establecimiento","ESCUELA 221","NE.9.950C.1"
"Mesa","1397","NE.9.950C.1.1397"
"Localidad","Codihue","NE.9.960C"
